update,timesteps,mean_ep_return,mean_ep_len,success_rate,flip_rate,pipe_gap_violation_rate,policy_loss,value_loss,entropy,elapsed_s,standoff_track_target,ent_coef,lr,mean_track_error
1,16384,-123.68976501458845,47.355,0.0,0.93,0.045,-0.009746186435222626,3408.799072265625,2.540325164794922,0.8472185134887695,1.5,0.01,0.0003,1.7649225739902596
2,32768,-240.19928096290656,56.35,0.0,0.895,0.08,0.011285843327641487,19980.546875,2.5609381198883057,1.169849157333374,1.4996311475409836,0.009992622950819673,0.00029977868852459015,1.7915507616519641
3,49152,-137.38719387267741,51.33,0.0,0.96,0.035,0.013113327324390411,2167.203125,2.5804495811462402,1.4980769157409668,1.4992622950819672,0.009985245901639345,0.0002995573770491803,1.781902115191948
4,65536,-171.7500899767317,63.085,0.0,0.935,0.06,0.0195687934756279,3429.830078125,2.597869634628296,1.8195464611053467,1.4988934426229508,0.009977868852459017,0.00029933606557377046,1.7646914231095747
5,81920,-143.49286626175325,62.3,0.0,0.885,0.115,-0.0027006769087165594,1386.2261962890625,2.6254234313964844,2.1477043628692627,1.4985245901639344,0.009970491803278688,0.00029911475409836064,1.7374763979476404
6,98304,-101.87751955236516,50.155,0.0,0.945,0.07,0.0030002249404788017,1405.01708984375,2.648005962371826,2.477169990539551,1.498155737704918,0.00996311475409836,0.00029889344262295077,1.7219582261994417
7,114688,-144.76371841297097,71.45,0.01,0.805,0.185,-0.0010983867105096579,10258.79296875,2.710740089416504,2.80056095123291,1.4977868852459015,0.009955737704918033,0.00029867213114754095,1.7071647171606776
8,131072,-143.6203934388487,87.425,0.005,0.835,0.17,0.01180863007903099,990.4010620117188,2.7580037117004395,3.1290926933288574,1.4974180327868853,0.009948360655737705,0.00029845081967213113,1.7138970639422977
9,147456,-187.4683071119528,83.13,0.025,0.885,0.095,-0.002190683037042618,4981.845703125,2.7844138145446777,3.4526071548461914,1.497049180327869,0.009940983606557378,0.0002982295081967213,1.7903257546375744
10,163840,-205.90519608238264,79.07,0.005,0.89,0.11,-0.0056725600734353065,2489.988525390625,2.8093106746673584,3.783369302749634,1.4966803278688525,0.00993360655737705,0.00029800819672131144,1.7730614083173277
11,180224,-85.29470526048995,63.025,0.015,0.735,0.255,0.07464656233787537,327.2066955566406,2.8920836448669434,4.1025168895721436,1.4963114754098361,0.00992622950819672,0.0002977868852459016,1.6740804841215897
12,196608,-240.00195346361488,91.535,0.115,0.615,0.26,0.026235420256853104,20871.173828125,2.9110937118530273,4.423590898513794,1.4959426229508197,0.009918852459016393,0.0002975655737704918,1.750066315071018
13,212992,-107.76808760557296,34.625,0.005,0.985,0.01,-0.005637195892632008,5706.8740234375,2.916382074356079,4.756995439529419,1.4955737704918033,0.009911475409836066,0.0002973442622950819,1.7792961746433686
14,229376,-74.03623268992243,34.59,0.0,0.98,0.02,-0.004060272127389908,81.27394104003906,2.917306900024414,5.092933416366577,1.4952049180327869,0.009904098360655738,0.0002971229508196721,1.781408754514889
15,245760,-71.27435070204788,37.76,0.0,0.985,0.015,-0.005486316978931427,316.16131591796875,2.9261085987091064,5.429448366165161,1.4948360655737705,0.00989672131147541,0.0002969016393442623,1.761043149112732
16,262144,-64.15927643053739,47.515,0.005,0.935,0.03,-0.011501356028020382,345.2374267578125,2.9434351921081543,5.757863283157349,1.494467213114754,0.009889344262295083,0.0002966803278688524,1.733241336787678
17,278528,-56.824007366942254,57.885,0.025,0.87,0.045,-0.012596366927027702,149.82894897460938,2.950467109680176,6.0831732749938965,1.4940983606557376,0.009881967213114753,0.0002964590163934426,1.7129885321894756
18,294912,-24.70102717100074,78.655,0.21,0.595,0.11,0.0036059217527508736,724.3280639648438,2.953433036804199,6.39478325843811,1.4937295081967212,0.009874590163934426,0.0002962377049180328,1.6591296954569763
19,311296,34.54913621127909,90.715,0.385,0.425,0.105,-0.005938398651778698,390.1190185546875,2.952070713043213,6.699933052062988,1.4933606557377048,0.009867213114754098,0.0002960163934426229,1.644488931803999
20,327680,74.60583312027624,105.135,0.61,0.195,0.115,-0.01411784440279007,432.03662109375,2.950908660888672,7.013386011123657,1.4929918032786886,0.00985983606557377,0.0002957950819672131,1.6157352771352052
21,344064,93.68943950157292,98.915,0.625,0.135,0.195,0.018455756828188896,480.741455078125,2.95371413230896,7.339740753173828,1.4926229508196722,0.009852459016393443,0.00029557377049180326,1.5521245981991683
22,360448,130.26400326057797,97.15,0.755,0.08,0.13,-0.023578178137540817,299.34173583984375,2.952086925506592,7.655420541763306,1.4922540983606558,0.009845081967213115,0.0002953524590163934,1.544953946054554
23,376832,166.17539593783917,101.475,0.925,0.005,0.055,-0.005269501358270645,247.4619598388672,2.950317859649658,7.973233938217163,1.4918852459016394,0.009837704918032788,0.00029513114754098357,1.5371019266675046
24,393216,175.42872732628712,97.74,0.97,0.01,0.02,0.01198146864771843,192.36203002929688,2.9497687816619873,8.296932697296143,1.491516393442623,0.009830327868852459,0.00029490983606557375,1.5617270402632681
25,409600,169.93951040016006,91.9,0.95,0.005,0.04,0.008999351412057877,193.10865783691406,2.94793701171875,8.608766078948975,1.4911475409836066,0.009822950819672131,0.00029468852459016393,1.548906030287938
26,425984,166.01771297837985,87.905,0.93,0.01,0.06,-0.024989053606987,225.44639587402344,2.9513304233551025,8.920584201812744,1.4907786885245902,0.009815573770491803,0.00029446721311475406,1.5471619872396247
27,442368,181.57855531111431,90.19,0.985,0.0,0.015,-0.013747106306254864,108.29737854003906,2.958279609680176,9.20927906036377,1.4904098360655738,0.009808196721311476,0.00029424590163934424,1.5544424577954532
28,458752,177.94267037119292,86.06,0.985,0.005,0.01,0.005122503265738487,108.54890441894531,2.9658520221710205,9.515934705734253,1.4900409836065573,0.009800819672131148,0.0002940245901639344,1.571709068019207
29,475136,178.23639914272636,85.165,0.99,0.0,0.005,0.006989817135035992,92.21024322509766,2.9714267253875732,9.812432289123535,1.489672131147541,0.00979344262295082,0.00029380327868852455,1.5459111281210236
30,491520,182.94417911611419,81.615,0.985,0.0,0.005,-0.013685385696589947,83.18318176269531,2.9764857292175293,10.106744527816772,1.4893032786885245,0.009786065573770491,0.00029358196721311473,1.5379651311774223
31,507904,182.07681656836897,78.145,0.995,0.005,0.0,-0.0046442002058029175,49.618797302246094,2.9773402214050293,10.400136709213257,1.4889344262295081,0.009778688524590164,0.0002933606557377049,1.5500143689240002
32,524288,176.5614664270331,76.78,0.99,0.005,0.005,0.022397790104150772,69.14968872070312,2.987274646759033,10.705207347869873,1.4885655737704917,0.009771311475409836,0.00029313934426229504,1.5460859017476267
33,540672,178.11245134152693,74.845,1.0,0.0,0.0,0.004116491414606571,24.257328033447266,2.98209285736084,11.003578662872314,1.4881967213114755,0.009763934426229508,0.0002929180327868852,1.5541483089589585
34,557056,177.88873320558588,74.92,0.995,0.0,0.005,0.012248917482793331,33.351295471191406,2.984391927719116,11.297450304031372,1.487827868852459,0.00975655737704918,0.0002926967213114754,1.5500209241550784
35,573440,181.3950081920795,74.415,0.99,0.0,0.01,0.008999527432024479,51.564300537109375,2.999411106109619,11.592718601226807,1.4874590163934427,0.009749180327868853,0.0002924754098360655,1.5430739055071059
36,589824,175.61955803233272,74.475,0.985,0.0,0.015,0.008897824212908745,62.98035430908203,3.002755641937256,11.891151189804077,1.4870901639344263,0.009741803278688524,0.0002922540983606557,1.522023954089679
37,606208,182.11857721791785,73.675,1.0,0.0,0.0,0.020034151151776314,19.35797119140625,3.0088701248168945,12.189842224121094,1.4867213114754099,0.009734426229508196,0.0002920327868852459,1.5544986526813034
38,622592,179.75588155115068,76.57,0.985,0.0,0.005,0.1163492500782013,67.591796875,3.037842035293579,12.486729145050049,1.4863524590163935,0.009727049180327869,0.00029181147540983607,1.4892557040011645
39,638976,176.05272162221016,69.63,1.0,0.0,0.0,0.09237454831600189,25.35118293762207,3.04917573928833,12.789716482162476,1.485983606557377,0.009719672131147541,0.0002915901639344262,1.5347920505005863
40,655360,172.881912016078,66.03,1.0,0.0,0.0,0.03321211785078049,26.002197265625,3.0564184188842773,13.096895694732666,1.4856147540983606,0.009712295081967214,0.0002913688524590164,1.5208240666797053
41,671744,173.70710039285186,65.63,1.0,0.0,0.0,0.048841871321201324,26.950101852416992,3.0612716674804688,13.401435852050781,1.4852459016393442,0.009704918032786886,0.00029114754098360655,1.5297816298568738
42,688128,173.52944932404972,66.345,1.0,0.0,0.0,-0.0030373306944966316,29.610191345214844,3.0483524799346924,13.705531358718872,1.4848770491803278,0.009697540983606558,0.0002909262295081967,1.5322601304857275
43,704512,171.0647154071325,62.975,1.0,0.0,0.0,0.0036167562939226627,27.026405334472656,3.0643255710601807,14.005769491195679,1.4845081967213114,0.009690163934426229,0.00029070491803278686,1.5208714086251478
44,720896,170.1554695441376,63.985,0.995,0.0,0.005,-0.01641746237874031,39.630592346191406,3.083806037902832,14.307740688323975,1.484139344262295,0.009682786885245901,0.00029048360655737704,1.4872548202398408
45,737280,172.78704000868026,63.87,1.0,0.0,0.0,-0.039690226316452026,16.51923370361328,3.0813000202178955,14.609867334365845,1.4837704918032788,0.009675409836065574,0.00029026229508196717,1.4770051701670244
46,753664,170.45444062705582,64.27,0.99,0.0,0.005,-0.01949017122387886,24.544063568115234,3.069077491760254,14.912456035614014,1.4834016393442624,0.009668032786885246,0.00029004098360655735,1.48473068774522
47,770048,172.60736013790896,63.795,1.0,0.0,0.0,-0.014141618274152279,4.250757217407227,3.0582637786865234,15.209551811218262,1.483032786885246,0.009660655737704919,0.00028981967213114753,1.492840455367753
48,786432,172.0614037434556,63.535,1.0,0.0,0.0,-0.01923905871808529,3.1355185508728027,3.0424306392669678,15.511722087860107,1.4826639344262296,0.009653278688524591,0.00028959836065573766,1.483644167871668
49,802816,173.91549562566914,65.95,1.0,0.0,0.0,-0.0050170812755823135,3.570570468902588,3.018634796142578,15.811471939086914,1.4822950819672132,0.009645901639344262,0.00028937704918032784,1.4953147478623763
50,819200,174.7753683429866,64.25,1.0,0.0,0.0,-0.0074669234454631805,1.8880552053451538,2.9997026920318604,16.110286474227905,1.4819262295081967,0.009638524590163934,0.000289155737704918,1.5086565820812452
51,835584,176.142704961144,67.79,0.995,0.0,0.0,0.001083197072148323,22.926349639892578,3.024015426635742,16.41948103904724,1.4815573770491803,0.009631147540983606,0.0002889344262295082,1.5428089761102086
52,851968,179.5750482643207,67.22,1.0,0.0,0.0,0.01448267325758934,2.739114284515381,2.991269111633301,16.739015340805054,1.481188524590164,0.009623770491803279,0.0002887131147540983,1.54389207527154
53,868352,178.90992455751825,66.01,1.0,0.0,0.0,0.011627410538494587,1.9187091588974,2.9406676292419434,17.056811571121216,1.4808196721311475,0.009616393442622951,0.0002884918032786885,1.560891316241157
54,884736,180.67922083511695,66.53,0.995,0.0,0.005,0.016169626265764236,26.12520980834961,2.9357528686523438,17.37868905067444,1.480450819672131,0.009609016393442624,0.0002882704918032787,1.5406165582991016
55,901120,181.18364227761788,66.08,1.0,0.0,0.0,0.005132956895977259,1.5475337505340576,2.927093982696533,17.703321933746338,1.4800819672131147,0.009601639344262294,0.0002880491803278688,1.5371909309144547
56,917504,187.36196374814543,69.18,1.0,0.0,0.0,-0.00567713612690568,0.9153782725334167,2.8416624069213867,18.028677225112915,1.4797131147540983,0.009594262295081967,0.000287827868852459,1.5151867586430083
57,933888,186.5430014075578,70.935,1.0,0.0,0.0,-0.028619181364774704,1.2382185459136963,2.8089327812194824,18.35120391845703,1.4793442622950819,0.00958688524590164,0.0002876065573770492,1.5162372596294227
58,950272,194.23715371866595,74.155,1.0,0.0,0.0,-0.015744203701615334,0.7010195255279541,2.766247034072876,18.673521518707275,1.4789754098360657,0.009579508196721312,0.0002873852459016393,1.5142053997393397
59,966656,199.61400213541035,78.305,1.0,0.0,0.0,-0.007693396415561438,0.8724963068962097,2.717782974243164,18.993340969085693,1.4786065573770493,0.009572131147540984,0.0002871639344262295,1.510930550515523
60,983040,207.24961306539313,83.705,0.995,0.0,0.0,-0.015881141647696495,14.312029838562012,2.7182705402374268,19.31419277191162,1.4782377049180329,0.009564754098360656,0.00028694262295081966,1.5012292452072875
61,999424,217.22832206755692,92.77,0.99,0.0,0.0,-0.03208693489432335,10.95846176147461,2.7242026329040527,19.619893789291382,1.4778688524590164,0.009557377049180329,0.0002867213114754098,1.4976639946082053
62,1015808,220.79526432924223,95.86,0.97,0.0,0.0,0.017638536170125008,87.93463134765625,2.741466999053955,19.93123435974121,1.4775,0.00955,0.00028649999999999997,1.5047106160376202
63,1032192,220.03150772095935,95.505,0.98,0.0,0.0,-0.014776883646845818,21.059497833251953,2.7527060508728027,20.240506887435913,1.4771311475409836,0.009542622950819672,0.00028627868852459015,1.509831283576801
64,1048576,228.1760044125736,98.815,1.0,0.0,0.0,-0.002690454013645649,1.6317346096038818,2.7312655448913574,20.560010194778442,1.4767622950819672,0.009535245901639344,0.0002860573770491803,1.5068499763193515
65,1064960,226.69575498009536,98.895,0.995,0.0,0.0,0.0041195787489414215,21.361682891845703,2.728816032409668,20.877527236938477,1.4763934426229508,0.009527868852459017,0.00028583606557377046,1.5050405459343352
66,1081344,247.60067653833656,114.425,0.995,0.0,0.0,0.036900222301483154,14.30119514465332,2.739724636077881,21.188101530075073,1.4760245901639344,0.009520491803278689,0.00028561475409836064,1.5029006877352153
67,1097728,248.7180391481943,121.51,0.945,0.0,0.0,-0.009637434035539627,128.7603302001953,2.7574033737182617,21.478139638900757,1.475655737704918,0.009513114754098361,0.0002853934426229508,1.5029056388487811
68,1114112,292.2050504075404,157.875,0.92,0.0,0.0,0.0009891539812088013,55.0682373046875,2.7716808319091797,21.776237964630127,1.4752868852459016,0.009505737704918034,0.00028517213114754095,1.4975533308513314
69,1130496,410.7810493611916,252.48,0.89,0.0,0.0,0.007158275693655014,55.566802978515625,2.788292407989502,22.079915761947632,1.4749180327868852,0.009498360655737705,0.00028495081967213113,1.4873317986108345
70,1146880,477.30712252437576,306.63,0.85,0.0,0.0,0.04160594195127487,55.910926818847656,2.7985823154449463,22.38198471069336,1.4745491803278687,0.009490983606557377,0.0002847295081967213,1.48677454059255
71,1163264,497.35644972017906,324.795,0.825,0.0,0.0,0.003012613393366337,57.3485221862793,2.8246872425079346,22.668081998825073,1.4741803278688526,0.00948360655737705,0.00028450819672131144,1.4834601655442754
72,1179648,553.4895915808719,368.27,0.815,0.0,0.0,0.005126033443957567,77.8219985961914,2.8582096099853516,22.966492414474487,1.4738114754098361,0.009476229508196722,0.0002842868852459016,1.4789060526882554
73,1196032,593.7515954626648,403.88,0.76,0.0,0.0,-0.0153307830914855,106.93533325195312,2.8695132732391357,23.266298294067383,1.4734426229508197,0.009468852459016394,0.0002840655737704918,1.4769196181649948
74,1212416,657.1581080728106,466.24,0.63,0.0,0.0,-0.007851569913327694,189.4573974609375,2.880296230316162,23.559265851974487,1.4730737704918033,0.009461475409836065,0.0002838442622950819,1.4699930388600722
75,1228800,673.0967151478535,482.3,0.595,0.0,0.0,-0.0013003882486373186,75.81626892089844,2.9126791954040527,23.857452869415283,1.472704918032787,0.009454098360655737,0.0002836229508196721,1.466488234611039
76,1245184,686.0811763743777,496.995,0.555,0.0,0.0,0.0030881704296916723,63.72210693359375,2.940031051635742,24.142394542694092,1.4723360655737705,0.00944672131147541,0.0002834016393442623,1.4635696499422084
77,1261568,776.2748004894712,581.11,0.41,0.0,0.0,-0.005209187977015972,257.002685546875,2.9522294998168945,24.43718695640564,1.471967213114754,0.009439344262295082,0.0002831803278688524,1.453197092671938
78,1277952,818.9887003907701,623.53,0.315,0.0,0.0,0.03138191998004913,172.841064453125,2.9641730785369873,24.722718477249146,1.4715983606557377,0.009431967213114754,0.0002829590163934426,1.4469246593780392
79,1294336,860.3132151390142,660.44,0.26,0.0,0.0,0.0066812485456466675,74.79547882080078,2.9787306785583496,25.01509165763855,1.4712295081967213,0.009424590163934427,0.0002827377049180328,1.4434071588007444
80,1310720,939.7032633688666,731.71,0.145,0.0,0.0,-0.009324590675532818,202.20352172851562,2.9875359535217285,25.31293511390686,1.4708606557377049,0.0094172131147541,0.0002825163934426229,1.44051606213127
81,1327104,952.2583714001458,743.205,0.125,0.0,0.0,0.023370439186692238,131.865966796875,2.9999845027923584,25.59830117225647,1.4704918032786884,0.00940983606557377,0.0002822950819672131,1.4439944070225783
82,1343488,948.3534439253307,738.635,0.145,0.0,0.0,-0.02471190318465233,88.49315643310547,3.0065665245056152,25.893130779266357,1.470122950819672,0.009402459016393442,0.00028207377049180326,1.4484647470413987
83,1359872,950.8237903677979,740.79,0.145,0.0,0.0,0.02161189168691635,88.21035766601562,3.014080286026001,26.18746542930603,1.4697540983606558,0.009395081967213115,0.00028185245901639344,1.4527849832170492
84,1376256,961.7148226260365,754.635,0.095,0.0,0.0,-0.009294802322983742,232.60623168945312,3.0251059532165527,26.485756874084473,1.4693852459016394,0.009387704918032787,0.00028163114754098357,1.461834033016447
85,1392640,960.0823635331434,752.48,0.095,0.0,0.0,0.011585813947021961,123.84222412109375,3.0253000259399414,26.779264450073242,1.469016393442623,0.00938032786885246,0.00028140983606557375,1.4667247889555528
86,1409024,955.4640910227254,749.995,0.095,0.0,0.0,0.004745810758322477,75.19902801513672,3.0243639945983887,27.0647394657135,1.4686475409836066,0.009372950819672132,0.00028118852459016393,1.4694637383621765
87,1425408,973.818866705723,765.02,0.095,0.0,0.0,0.010610655881464481,219.3859100341797,3.039796829223633,27.360801219940186,1.4682786885245902,0.009365573770491804,0.00028096721311475406,1.4729401471147212
88,1441792,968.9268206997492,763.105,0.09,0.0,0.0,-0.014728575013577938,127.64867401123047,3.057689666748047,27.651081562042236,1.4679098360655738,0.009358196721311475,0.00028074590163934424,1.4752296637950246
89,1458176,960.1458840998738,756.285,0.095,0.0,0.0,0.0022881103213876486,114.54248046875,3.0731515884399414,27.950353145599365,1.4675409836065574,0.009350819672131147,0.0002805245901639344,1.4747723992146815
90,1474560,966.6749543282226,761.575,0.095,0.0,0.0,-0.02142278477549553,118.9903335571289,3.075256824493408,28.25310468673706,1.467172131147541,0.00934344262295082,0.00028030327868852454,1.4728473094425607
91,1490944,973.8789803498145,769.58,0.08,0.0,0.0,-0.010032464750111103,115.51179504394531,3.0833969116210938,28.554863929748535,1.4668032786885246,0.009336065573770492,0.0002800819672131147,1.4673432639242259
92,1507328,984.2930226079599,779.195,0.07,0.0,0.0,-0.008629005402326584,99.00811767578125,3.1077098846435547,28.85237455368042,1.4664344262295081,0.009328688524590165,0.0002798606557377049,1.4621944562749911
93,1523712,986.6813019349496,781.765,0.07,0.0,0.0,0.005718166008591652,100.91477966308594,3.1369946002960205,29.144197940826416,1.4660655737704917,0.009321311475409835,0.00027963934426229503,1.4573439188944508
94,1540096,981.1612706326682,777.52,0.09,0.0,0.0,0.0199575237929821,159.44859313964844,3.1509385108947754,29.43729829788208,1.4656967213114753,0.009313934426229508,0.0002794180327868852,1.450051869947419
95,1556480,987.5931680566623,782.565,0.095,0.0,0.0,0.0014103511348366737,115.14363098144531,3.160656213760376,29.731738567352295,1.465327868852459,0.00930655737704918,0.0002791967213114754,1.445910108322228
96,1572864,988.0384241888142,782.755,0.095,0.0,0.0,-0.003688777331262827,61.81560516357422,3.1707630157470703,30.02969717979431,1.4649590163934427,0.009299180327868852,0.0002789754098360656,1.4444008535623885
97,1589248,992.8377829741157,786.015,0.095,0.0,0.0,0.004172630608081818,171.53573608398438,3.176668643951416,30.328771352767944,1.4645901639344263,0.009291803278688525,0.0002787540983606557,1.441840498849638
98,1605632,1007.7818024468227,798.265,0.09,0.0,0.0,0.018296152353286743,157.9417724609375,3.1871352195739746,30.626736402511597,1.46422131147541,0.009284426229508197,0.0002785327868852459,1.4394560754109185
99,1622016,1019.1311753682394,807.725,0.08,0.0,0.0,-0.020444419234991074,75.53172302246094,3.1918492317199707,30.91872000694275,1.4638524590163935,0.00927704918032787,0.00027831147540983606,1.4381515314384856
100,1638400,1020.8329177726898,809.235,0.08,0.0,0.0,-0.010862844996154308,127.29347229003906,3.1942315101623535,31.209898710250854,1.463483606557377,0.00926967213114754,0.0002780901639344262,1.436865101125492
101,1654784,1026.8609328579878,813.455,0.07,0.0,0.0,-0.007190467789769173,141.1711883544922,3.219805955886841,31.510069608688354,1.4631147540983607,0.009262295081967213,0.00027786885245901637,1.4379040848368982
102,1671168,1031.4700928664442,817.16,0.06,0.0,0.0,-0.01862575113773346,89.45305633544922,3.2425498962402344,31.806589126586914,1.4627459016393443,0.009254918032786885,0.00027764754098360655,1.438990646035342
103,1687552,1036.6852293244292,819.485,0.065,0.0,0.0,-0.001300649717450142,103.74811553955078,3.261732339859009,32.1020781993866,1.4623770491803278,0.009247540983606558,0.0002774262295081967,1.4405515541364917
104,1703936,1054.5684853645428,831.78,0.05,0.0,0.0,0.018011949956417084,160.74591064453125,3.270474672317505,32.40277075767517,1.4620081967213114,0.00924016393442623,0.00027720491803278686,1.4435466115315634
105,1720320,1061.429589803428,836.45,0.035,0.0,0.0,-0.02749473974108696,130.06312561035156,3.2887587547302246,32.69935607910156,1.461639344262295,0.009232786885245902,0.00027698360655737704,1.4479851016122103
106,1736704,1057.1955941427286,831.16,0.04,0.0,0.0,0.00032941391691565514,96.4952163696289,3.2998924255371094,32.98355841636658,1.4612704918032786,0.009225409836065575,0.00027676229508196717,1.4506359798119763
107,1753088,1058.8524949292141,831.16,0.04,0.0,0.0,-0.008408945985138416,151.39129638671875,3.321758270263672,33.27515149116516,1.4609016393442622,0.009218032786885245,0.00027654098360655735,1.4511322175055255
108,1769472,1059.7110262721142,831.16,0.04,0.0,0.0,-0.01743609644472599,168.35487365722656,3.346219062805176,33.56769871711731,1.460532786885246,0.009210655737704918,0.00027631967213114753,1.4503726938564645
109,1785856,1060.1183307626018,831.16,0.04,0.0,0.0,-0.0019343895837664604,95.89886474609375,3.3716835975646973,33.86632800102234,1.4601639344262296,0.00920327868852459,0.0002760983606557377,1.4508494065863153
110,1802240,1061.8900809985198,833.335,0.03,0.0,0.0,-0.0006006406620144844,131.93353271484375,3.3879995346069336,34.15915632247925,1.4597950819672132,0.009195901639344263,0.00027587704918032783,1.4501073405609888
111,1818624,1067.659130878401,838.3,0.025,0.0,0.0,-0.003955144435167313,153.68466186523438,3.396413803100586,34.45545482635498,1.4594262295081968,0.009188524590163935,0.000275655737704918,1.4483712363690655
112,1835008,1061.3034715919512,832.915,0.03,0.0,0.0,0.008792486041784286,91.35177612304688,3.4104020595550537,34.73924970626831,1.4590573770491804,0.009181147540983606,0.0002754344262295082,1.4471451752801585
113,1851392,1060.7111257174804,831.74,0.025,0.0,0.0,-0.010499294847249985,102.90348052978516,3.437596082687378,35.03535723686218,1.458688524590164,0.009173770491803278,0.0002752131147540983,1.44736414733448
114,1867776,1026.8160293519777,798.99,0.095,0.0,0.0,-0.007025601342320442,138.9957275390625,3.4619812965393066,35.334251165390015,1.4583196721311475,0.00916639344262295,0.0002749918032786885,1.444195828404258
115,1884160,1011.7171974229938,785.41,0.13,0.0,0.0,-0.02634238637983799,78.69425964355469,3.4781882762908936,35.63254928588867,1.4579508196721311,0.009159016393442623,0.0002747704918032787,1.4414301447155282
116,1900544,985.7073006453161,760.495,0.19,0.0,0.0,0.004239193629473448,47.177154541015625,3.4954833984375,35.92800211906433,1.4575819672131147,0.009151639344262295,0.0002745491803278688,1.4419595268545864
117,1916928,954.3766970356216,728.235,0.28,0.0,0.0,0.012532126158475876,109.38419342041016,3.5130302906036377,36.21594214439392,1.4572131147540983,0.009144262295081968,0.000274327868852459,1.4433699813163343
118,1933312,943.3074536308509,717.375,0.3,0.0,0.0,-0.0009972453117370605,113.50421142578125,3.5305376052856445,36.511231899261475,1.456844262295082,0.00913688524590164,0.00027410655737704917,1.4432539861203173
119,1949696,936.2425272197236,709.27,0.325,0.0,0.0,-0.011775919236242771,86.82722473144531,3.548539161682129,36.809040784835815,1.4564754098360655,0.00912950819672131,0.0002738852459016393,1.4427819069860306
120,1966080,918.8170761866112,691.21,0.365,0.0,0.0,-0.009427876211702824,133.42474365234375,3.5597987174987793,37.11013054847717,1.456106557377049,0.009122131147540983,0.0002736639344262295,1.443498737308024
121,1982464,907.8412990004693,681.325,0.39,0.0,0.0,-0.024838987737894058,74.49955749511719,3.569896697998047,37.40220093727112,1.455737704918033,0.009114754098360656,0.00027344262295081966,1.4426839182077003
122,1998848,915.337136010713,688.165,0.375,0.0,0.0,-0.017546748742461205,61.63574981689453,3.577185869216919,37.6897759437561,1.4553688524590165,0.009107377049180328,0.00027322131147540984,1.4428017964264177
123,2015232,936.9554566546684,706.345,0.36,0.0,0.0,-0.008452655747532845,121.43959045410156,3.606349468231201,37.98112750053406,1.455,0.0091,0.00027299999999999997,1.444152512518594
124,2031616,949.5605178582919,718.565,0.33,0.0,0.0,-0.015512741170823574,102.37881469726562,3.6270530223846436,38.265461921691895,1.4546311475409837,0.009092622950819673,0.00027277868852459015,1.4450594777348766
125,2048000,958.6705590400348,728.95,0.285,0.0,0.0,0.0004904326051473618,106.78160095214844,3.6342196464538574,38.55743980407715,1.4542622950819672,0.009085245901639345,0.00027255737704918033,1.4464370107835227
126,2064384,976.0312100092182,746.2,0.235,0.0,0.0,-0.0012839967384934425,138.68301391601562,3.646491527557373,38.859374046325684,1.4538934426229508,0.009077868852459016,0.00027233606557377046,1.4477693957674262
127,2080768,994.0720059763136,763.955,0.19,0.0,0.0,-0.010766670107841492,143.74676513671875,3.6579456329345703,39.1581072807312,1.4535245901639344,0.009070491803278688,0.00027211475409836064,1.4481077095929995
128,2097152,1004.910750152441,774.465,0.17,0.0,0.0,0.009165431372821331,121.02268981933594,3.668755054473877,39.45898461341858,1.453155737704918,0.00906311475409836,0.0002718934426229508,1.4491799952069082
129,2113536,1016.741518943558,785.4,0.145,0.0,0.0,0.003226509317755699,96.91664123535156,3.6710119247436523,39.756266832351685,1.4527868852459016,0.009055737704918033,0.00027167213114754094,1.4508160670885213
130,2129920,1032.7773966700472,803.04,0.1,0.0,0.0,-0.012033645063638687,172.99261474609375,3.6729273796081543,40.05110812187195,1.4524180327868852,0.009048360655737706,0.0002714508196721311,1.453188541032431
131,2146304,1042.695376002876,812.065,0.08,0.0,0.0,0.013825304806232452,123.85477447509766,3.684847831726074,40.34284520149231,1.4520491803278688,0.009040983606557378,0.0002712295081967213,1.4544627393737284
132,2162688,1042.9272935659237,812.58,0.08,0.0,0.0,0.00014311494305729866,91.42384338378906,3.6957855224609375,40.626712799072266,1.4516803278688524,0.009033606557377049,0.00027100819672131143,1.4552613570155353
133,2179072,1046.3120935710012,817.74,0.05,0.0,0.0,-0.007609914522618055,150.27398681640625,3.7069406509399414,40.922388315200806,1.451311475409836,0.009026229508196721,0.0002707868852459016,1.4558433912050897
134,2195456,1045.9965667067843,817.81,0.05,0.0,0.0,0.002420417033135891,109.35035705566406,3.7186179161071777,41.22067642211914,1.4509426229508198,0.009018852459016393,0.0002705655737704918,1.4571289322724328
135,2211840,1060.8885578858221,829.96,0.04,0.0,0.0,0.008648171089589596,89.95002746582031,3.7397665977478027,41.488659143447876,1.4505737704918034,0.009011475409836066,0.000270344262295082,1.456611878934113
136,2228224,1053.9115480795795,824.91,0.045,0.0,0.0,0.005239591933786869,148.86660766601562,3.7570676803588867,41.75950503349304,1.450204918032787,0.009004098360655738,0.0002701229508196721,1.457326101570137
137,2244608,1040.4822770306696,813.105,0.075,0.0,0.0,-0.015315145254135132,127.36090850830078,3.755030393600464,42.026878118515015,1.4498360655737705,0.00899672131147541,0.0002699016393442623,1.4571826951710454
138,2260992,1013.2494278279387,787.11,0.135,0.0,0.0,0.012689970433712006,99.7442626953125,3.7744898796081543,42.29050946235657,1.4494672131147541,0.008989344262295081,0.0002696803278688524,1.4573169499401444
139,2277376,992.7357243901986,766.96,0.185,0.0,0.0,-0.0007327520288527012,60.13883972167969,3.7921602725982666,42.5601224899292,1.4490983606557377,0.008981967213114754,0.0002694590163934426,1.4571282664588374
140,2293760,949.65930111345,728.985,0.25,0.0,0.0,0.01983783394098282,148.5227813720703,3.7963945865631104,42.82926535606384,1.4487295081967213,0.008974590163934426,0.00026923770491803277,1.4566581240006664
141,2310144,940.8415299775096,719.395,0.28,0.0,0.0,0.011902209371328354,96.66720581054688,3.816324234008789,43.095672845840454,1.448360655737705,0.008967213114754099,0.00026901639344262295,1.4547158598687162
142,2326528,911.8621171844107,690.935,0.345,0.0,0.0,0.025280524045228958,65.81280517578125,3.8224973678588867,43.36342644691467,1.4479918032786885,0.008959836065573771,0.0002687950819672131,1.4525805372488179
143,2342912,892.2041352234093,673.165,0.38,0.0,0.0,0.001261584460735321,117.70951843261719,3.8372020721435547,43.627732038497925,1.447622950819672,0.008952459016393443,0.00026857377049180326,1.450650121013765
144,2359296,883.7777754646297,664.59,0.41,0.0,0.005,0.0089165810495615,110.20803833007812,3.8436849117279053,43.89861059188843,1.4472540983606557,0.008945081967213116,0.00026835245901639344,1.4503575942049107
145,2375680,877.4102454532779,657.835,0.425,0.0,0.005,-0.01618107035756111,89.2094955444336,3.8560774326324463,44.16867470741272,1.4468852459016392,0.008937704918032786,0.00026813114754098357,1.4531398555639488
146,2392064,883.8734073213705,664.17,0.41,0.0,0.005,0.016281919553875923,121.46062469482422,3.869354486465454,44.439204454422,1.446516393442623,0.008930327868852459,0.00026790983606557375,1.455668081949481
147,2408448,904.5599063942758,683.625,0.37,0.0,0.005,-0.011410261504352093,94.95864868164062,3.8784074783325195,44.70536994934082,1.4461475409836066,0.008922950819672131,0.0002676885245901639,1.4561220061105233
148,2424832,918.1008877124908,696.93,0.345,0.0,0.005,-0.005099237430840731,113.6389389038086,3.8840813636779785,44.96929883956909,1.4457786885245902,0.008915573770491804,0.0002674672131147541,1.4552916476424045
149,2441216,932.7584251802391,710.7,0.325,0.0,0.005,0.006895931903272867,112.44033813476562,3.8897547721862793,45.23478031158447,1.4454098360655738,0.008908196721311476,0.00026724590163934423,1.4555852304243408
150,2457600,947.3432946958033,727.32,0.275,0.0,0.01,-0.008200171403586864,149.5401153564453,3.8948731422424316,45.50432872772217,1.4450409836065574,0.008900819672131148,0.0002670245901639344,1.458177870518475
151,2473984,961.4700793301768,742.535,0.235,0.0,0.01,-0.025016559287905693,81.51052856445312,3.9057514667510986,45.77094554901123,1.444672131147541,0.008893442622950819,0.00026680327868852454,1.4600727305985282
152,2490368,966.6297084593004,747.85,0.235,0.0,0.01,-0.021378666162490845,83.27445983886719,3.911530017852783,46.043787479400635,1.4443032786885246,0.008886065573770491,0.0002665819672131147,1.462976760474652
153,2506752,962.5122266331242,744.565,0.24,0.0,0.005,-0.008008782751858234,103.75103759765625,3.9302139282226562,46.31515026092529,1.4439344262295082,0.008878688524590164,0.0002663606557377049,1.4640853758574792
154,2523136,949.0619551782708,732.705,0.26,0.0,0.005,0.013353557325899601,96.87173461914062,3.9669649600982666,46.580628395080566,1.4435655737704918,0.008871311475409836,0.0002661393442622951,1.4628841992513497
155,2539520,930.5755196939084,719.205,0.28,0.0,0.005,-0.007833467796444893,63.518951416015625,3.97564959526062,46.85037398338318,1.4431967213114754,0.008863934426229509,0.0002659180327868852,1.4618383949177889
156,2555904,915.3002173397347,704.37,0.325,0.0,0.005,-0.012580975890159607,89.75741577148438,3.9824671745300293,47.121031284332275,1.442827868852459,0.008856557377049181,0.0002656967213114754,1.462559467067298
157,2572288,895.2557815682161,687.56,0.35,0.0,0.01,0.0012850677594542503,91.8634033203125,3.988759994506836,47.385241985321045,1.4424590163934425,0.008849180327868852,0.00026547540983606557,1.4642219571536987
158,2588672,847.269975435382,642.28,0.445,0.0,0.01,0.009517744183540344,110.12413787841797,3.988664150238037,47.65046405792236,1.4420901639344261,0.008841803278688524,0.0002652540983606557,1.4671207118123857
159,2605056,816.7356481496731,615.745,0.49,0.0,0.01,-0.00899277999997139,54.13739013671875,4.00213623046875,47.91967797279358,1.44172131147541,0.008834426229508197,0.0002650327868852459,1.4686792834397355
160,2621440,812.7497707068686,613.78,0.485,0.0,0.01,0.02503223717212677,102.70179748535156,4.0147294998168945,48.19092655181885,1.4413524590163935,0.008827049180327869,0.00026481147540983606,1.4680915920577502
161,2637824,823.7704824178975,626.175,0.45,0.0,0.01,0.0016351733356714249,169.4837646484375,4.028500556945801,48.459495544433594,1.4409836065573771,0.008819672131147541,0.0002645901639344262,1.4672295575207364
162,2654208,848.809032757488,649.38,0.405,0.0,0.01,-0.027679547667503357,103.72062683105469,4.051243782043457,48.73061466217041,1.4406147540983607,0.008812295081967214,0.00026436885245901637,1.4653450964412258
163,2670592,861.7260571976398,659.515,0.385,0.0,0.01,0.0034758448600769043,99.3270263671875,4.073986053466797,48.996031522750854,1.4402459016393443,0.008804918032786886,0.00026414754098360655,1.4642344853220755
164,2686976,871.6592234342712,670.05,0.36,0.0,0.01,-0.003029697574675083,107.97032928466797,4.088286876678467,49.26604866981506,1.4398770491803279,0.008797540983606557,0.0002639262295081967,1.4627712120594865
165,2703360,898.3547486957247,694.6,0.31,0.0,0.005,-0.004950615577399731,141.95404052734375,4.100410461425781,49.53063106536865,1.4395081967213115,0.00879016393442623,0.00026370491803278686,1.4603584440111428
166,2719744,915.8246075229632,712.65,0.27,0.0,0.005,0.007593962363898754,112.25851440429688,4.116945266723633,49.79767966270447,1.439139344262295,0.008782786885245902,0.00026348360655737704,1.4575760042698471
167,2736128,938.0887084054717,733.635,0.23,0.0,0.0,-0.014903761446475983,101.24745178222656,4.1442975997924805,50.06851243972778,1.4387704918032787,0.008775409836065574,0.0002632622950819672,1.454809578654519
168,2752512,968.9333813837136,763.76,0.17,0.0,0.0,0.004076941404491663,141.16177368164062,4.157248020172119,50.33721613883972,1.4384016393442622,0.008768032786885246,0.00026304098360655734,1.4514691259086783
169,2768896,987.6597431818132,778.315,0.15,0.0,0.0,0.014840133488178253,110.10287475585938,4.181042671203613,50.60286021232605,1.4380327868852458,0.008760655737704917,0.0002628196721311475,1.4496044368351135
170,2785280,999.1094886967522,787.715,0.145,0.0,0.0,0.007638110779225826,92.34074401855469,4.203667640686035,50.87255024909973,1.4376639344262294,0.00875327868852459,0.0002625983606557377,1.4487954067249271
171,2801664,955.9118729372333,751.595,0.205,0.0,0.0,-0.004202534444630146,122.1579818725586,4.215212345123291,51.14523792266846,1.4372950819672132,0.008745901639344262,0.00026237704918032783,1.4521459500339242
172,2818048,911.5504670186717,711.66,0.275,0.0,0.0,-0.009686344303190708,88.09125518798828,4.225767135620117,51.41370248794556,1.4369262295081968,0.008738524590163934,0.000262155737704918,1.4589336094066505
173,2834432,886.5305761269079,686.805,0.325,0.0,0.0,-0.0019838260486721992,65.26972961425781,4.246633529663086,51.67741084098816,1.4365573770491804,0.008731147540983607,0.0002619344262295082,1.4629278477545065
174,2850816,868.7771237209765,669.76,0.38,0.0,0.0,0.0016914485022425652,99.08876037597656,4.262862205505371,51.94766855239868,1.436188524590164,0.00872377049180328,0.0002617131147540983,1.468946603511115
175,2867200,846.3711736678507,649.725,0.425,0.0,0.0,-0.002973826602101326,75.89823913574219,4.2686285972595215,52.21617817878723,1.4358196721311476,0.008716393442622952,0.0002614918032786885,1.4739807861971876
176,2883584,834.2913481147491,636.94,0.45,0.0,0.0,-0.0011457190848886967,85.84420013427734,4.2818803787231445,52.48419141769409,1.4354508196721312,0.008709016393442622,0.0002612704918032787,1.4784308633064318
177,2899968,829.2666342946719,635.785,0.45,0.0,0.0,0.010247066617012024,117.7409896850586,4.287276744842529,52.74924850463867,1.4350819672131148,0.008701639344262295,0.0002610491803278688,1.4827621493784457
178,2916352,835.5520590537865,641.92,0.445,0.0,0.0,-0.013137857429683208,94.0046157836914,4.2902631759643555,53.01885747909546,1.4347131147540984,0.008694262295081967,0.000260827868852459,1.4858496483677839
179,2932736,849.5064433188958,654.37,0.425,0.0,0.0,-0.005994439125061035,121.62776184082031,4.301063537597656,53.28509855270386,1.434344262295082,0.00868688524590164,0.00026060655737704917,1.4865136381780666
180,2949120,864.8507333202541,669.305,0.405,0.0,0.0,0.009577675722539425,102.18009948730469,4.311884880065918,53.552659034729004,1.4339754098360655,0.008679508196721312,0.00026038524590163935,1.486082046236832
181,2965504,901.3718170625231,703.215,0.345,0.0,0.0,0.009519971907138824,132.4667205810547,4.3189897537231445,53.819549560546875,1.4336065573770491,0.008672131147540984,0.0002601639344262295,1.4824457704775187
182,2981888,914.4602788869286,716.235,0.325,0.0,0.0,-0.009173274040222168,107.58316040039062,4.32206916809082,54.08738851547241,1.4332377049180327,0.008664754098360657,0.00025994262295081966,1.4783020420406672
183,2998272,894.6410664650186,696.87,0.34,0.0,0.0,0.0034649320878088474,70.27108764648438,4.326878070831299,54.35465979576111,1.4328688524590163,0.008657377049180327,0.00025972131147540984,1.4727396788636986
184,3014656,911.5575030479198,709.28,0.325,0.0,0.0,-0.013759576715528965,88.18672180175781,4.334463596343994,54.621657848358154,1.4325,0.00865,0.00025949999999999997,1.4683885711899713
185,3031040,915.5163582718993,712.05,0.325,0.0,0.0,-0.0062425993382930756,68.12686920166016,4.354848861694336,54.88593673706055,1.4321311475409837,0.008642622950819672,0.00025927868852459015,1.46329827124607
186,3047424,920.0783360270888,714.59,0.315,0.0,0.0,0.0015703365206718445,145.4300537109375,4.359667778015137,55.15547728538513,1.4317622950819673,0.008635245901639345,0.0002590573770491803,1.4559085114969315
187,3063808,929.7010824593308,722.87,0.295,0.0,0.0,-0.004213792271912098,129.19528198242188,4.361083984375,55.42250108718872,1.4313934426229509,0.008627868852459017,0.00025883606557377045,1.4486464165948587
188,3080192,933.5316896206516,726.83,0.28,0.0,0.0,-0.006023537367582321,101.86758422851562,4.382169246673584,55.684672832489014,1.4310245901639345,0.008620491803278688,0.00025861475409836063,1.444044366094313
189,3096576,944.9762585739023,736.225,0.255,0.0,0.0,0.007767615374177694,149.87033081054688,4.385196685791016,55.95081114768982,1.430655737704918,0.00861311475409836,0.0002583934426229508,1.4388222772611083
190,3112960,956.5082486979352,747.515,0.23,0.0,0.0,0.021149691194295883,162.10455322265625,4.397009372711182,56.21745586395264,1.4302868852459016,0.008605737704918032,0.00025817213114754094,1.4342568462525755
191,3129344,961.0471629888484,752.71,0.215,0.0,0.0,0.012044577859342098,111.230224609375,4.398277282714844,56.48487877845764,1.4299180327868852,0.008598360655737705,0.0002579508196721311,1.4316930440751896
192,3145728,980.5514621204767,771.495,0.175,0.0,0.0,-0.0033305215183645487,127.80619049072266,4.403883934020996,56.756401777267456,1.4295491803278688,0.008590983606557377,0.0002577295081967213,1.428954922155864
193,3162112,1009.2517093307225,800.285,0.115,0.0,0.0,0.002425434999167919,133.444580078125,4.420094966888428,57.03170728683472,1.4291803278688524,0.00858360655737705,0.0002575081967213115,1.4281598150588273
194,3178496,1024.36077270851,817.44,0.075,0.0,0.0,0.007669881451874971,146.7395782470703,4.432226181030273,57.30568075180054,1.428811475409836,0.008576229508196722,0.0002572868852459016,1.4269794086246035
195,3194880,1034.9578493427973,831.6,0.035,0.0,0.0,0.0052054263651371,109.89784240722656,4.449576377868652,57.57479214668274,1.4284426229508196,0.008568852459016393,0.0002570655737704918,1.4279153316124864
196,3211264,1042.1084150659997,839.915,0.025,0.0,0.0,-0.004372511059045792,140.1624298095703,4.463372707366943,57.84571051597595,1.4280737704918032,0.008561475409836065,0.0002568442622950819,1.431476582306541
197,3227648,1045.2146979164575,844.78,0.01,0.0,0.0,0.010916698724031448,144.05230712890625,4.478070259094238,58.11575794219971,1.427704918032787,0.008554098360655737,0.0002566229508196721,1.4348682121789107
198,3244032,1033.9162539770693,836.205,0.025,0.0,0.0,-0.016075920313596725,83.34390258789062,4.484354019165039,58.38166260719299,1.4273360655737706,0.00854672131147541,0.0002564016393442623,1.4380242938734136
199,3260416,1004.109900461809,807.25,0.1,0.0,0.0,0.008153142407536507,109.27290344238281,4.508601188659668,58.65422463417053,1.4269672131147542,0.008539344262295082,0.00025618032786885246,1.445624502548126
200,3276800,980.2572042634362,786.42,0.14,0.0,0.0,0.003104527946561575,116.4001235961914,4.541192054748535,58.92821764945984,1.4265983606557378,0.008531967213114755,0.0002559590163934426,1.4515620580969966
201,3293184,955.7072622845157,763.29,0.19,0.0,0.0,-0.004370821639895439,49.322689056396484,4.558131694793701,59.19730997085571,1.4262295081967213,0.008524590163934427,0.00025573770491803277,1.454842871592574
202,3309568,931.9142494477288,740.86,0.24,0.0,0.0,-0.011422832496464252,90.74351501464844,4.558274745941162,59.47223615646362,1.425860655737705,0.008517213114754098,0.00025551639344262295,1.45897405178947
203,3325952,911.7268638591507,721.7,0.28,0.0,0.0,-0.015149768441915512,126.20965576171875,4.563662528991699,59.74457025527954,1.4254918032786885,0.00850983606557377,0.0002552950819672131,1.461478786573901
204,3342336,897.2139039667213,705.74,0.315,0.0,0.0,0.022400524467229843,90.89305114746094,4.566373825073242,60.01570010185242,1.425122950819672,0.008502459016393443,0.00025507377049180326,1.4616361380918201
205,3358720,847.9170453188043,657.49,0.42,0.0,0.0,0.0015352992340922356,75.67793273925781,4.589276313781738,60.28824472427368,1.4247540983606557,0.008495081967213115,0.00025485245901639344,1.4619964696070538
206,3375104,834.9364759118415,646.335,0.42,0.0,0.0,-0.005630582571029663,123.40515899658203,4.611654758453369,60.561678647994995,1.4243852459016393,0.008487704918032787,0.0002546311475409836,1.4620986581843474
207,3391488,835.7884449090303,647.54,0.41,0.0,0.0,-0.013965332880616188,59.47665023803711,4.624839782714844,60.83187747001648,1.4240163934426229,0.008480327868852458,0.00025440983606557374,1.4610688722670935
208,3407872,821.2513974932957,631.955,0.445,0.0,0.0,0.01126386970281601,94.26961517333984,4.636344909667969,61.1047899723053,1.4236475409836065,0.00847295081967213,0.0002541885245901639,1.4589603030877434
209,3424256,824.9334932941763,634.435,0.44,0.0,0.0,-0.005723510403186083,135.47991943359375,4.639683723449707,61.378300189971924,1.4232786885245903,0.008465573770491803,0.0002539672131147541,1.4561651944571883
210,3440640,798.5424495523006,609.825,0.48,0.0,0.0,-0.02497577853500843,55.102394104003906,4.636895179748535,61.64918112754822,1.4229098360655739,0.008458196721311475,0.00025374590163934423,1.4561895648503187
211,3457024,790.8482542795039,601.68,0.5,0.0,0.0,-0.0028639952652156353,81.245361328125,4.625782012939453,61.91825032234192,1.4225409836065575,0.008450819672131148,0.0002535245901639344,1.456630015998093
212,3473408,803.6964622427615,614.525,0.465,0.0,0.0,-0.013343592174351215,71.38436889648438,4.629434108734131,62.18422245979309,1.422172131147541,0.00844344262295082,0.0002533032786885246,1.4562221107288493
213,3489792,830.4165358026288,637.995,0.44,0.0,0.0,-0.011883968487381935,99.56004333496094,4.638790607452393,62.45238256454468,1.4218032786885246,0.008436065573770492,0.0002530819672131147,1.4558738133950349
214,3506176,838.1772904167211,645.545,0.43,0.0,0.0,-0.002013038843870163,106.70852661132812,4.635754585266113,62.718334913253784,1.4214344262295082,0.008428688524590163,0.0002528606557377049,1.454879214284257
215,3522560,855.3736716367689,660.99,0.41,0.0,0.0,-0.022285085171461105,93.05078125,4.6632561683654785,62.98523712158203,1.4210655737704918,0.008421311475409836,0.0002526393442622951,1.4534960441765237
216,3538944,882.3123299627038,686.05,0.37,0.0,0.0,0.015285579487681389,133.90890502929688,4.692641735076904,63.253666639328,1.4206967213114754,0.008413934426229508,0.0002524180327868852,1.452791536106568
217,3555328,899.0539559210927,702.97,0.335,0.0,0.0,-0.009631916880607605,97.68148040771484,4.702436447143555,63.52172517776489,1.420327868852459,0.00840655737704918,0.0002521967213114754,1.4525290513764293
218,3571712,916.3660988392719,720.73,0.295,0.0,0.0,-0.021025467664003372,102.50680541992188,4.706763744354248,63.790637731552124,1.4199590163934426,0.008399180327868853,0.00025197540983606557,1.4516223712096217
219,3588096,933.6470437859248,739.075,0.245,0.0,0.0,-0.020915105938911438,123.21076965332031,4.719128608703613,64.05788254737854,1.4195901639344262,0.008391803278688525,0.00025175409836065575,1.450643605924002
220,3604480,954.7833457882996,759.78,0.2,0.0,0.0,-0.010666035115718842,86.43328094482422,4.730006217956543,64.32842254638672,1.4192213114754098,0.008384426229508198,0.0002515327868852459,1.4495237939934886
221,3620864,970.9002533541591,775.34,0.17,0.0,0.0,-0.013031033799052238,143.41207885742188,4.7413482666015625,64.59499859809875,1.4188524590163936,0.008377049180327868,0.00025131147540983606,1.448776629203104
222,3637248,980.0737744528731,786.215,0.14,0.0,0.0,-0.002392614260315895,110.95295715332031,4.755366325378418,64.85758447647095,1.4184836065573772,0.00836967213114754,0.0002510901639344262,1.4491379710123107
223,3653632,988.3817913470011,796.45,0.1,0.0,0.0,-0.019885513931512833,116.05091857910156,4.758485317230225,65.12430572509766,1.4181147540983607,0.008362295081967213,0.00025086885245901636,1.4495563702274783
224,3670016,995.1798132027704,802.84,0.09,0.0,0.0,-0.0035638678818941116,126.14102172851562,4.7654709815979,65.39123630523682,1.4177459016393443,0.008354918032786885,0.00025064754098360655,1.448250293540613
225,3686400,1002.3037991050888,811.155,0.07,0.0,0.0,0.015634531155228615,120.21961212158203,4.770944118499756,65.65803575515747,1.417377049180328,0.008347540983606558,0.0002504262295081967,1.4474811494938171
226,3702784,1001.389158773146,811.975,0.06,0.0,0.0,0.0238802470266819,137.38455200195312,4.774772644042969,65.92297959327698,1.4170081967213115,0.008340163934426228,0.00025020491803278685,1.446085477298928
227,3719168,1012.082827832005,822.09,0.04,0.0,0.0,-0.006340140011161566,125.744384765625,4.781684398651123,66.19269967079163,1.416639344262295,0.008332786885245901,0.00024998360655737703,1.4442853321027493
228,3735552,1017.525008406251,827.885,0.03,0.0,0.0,-0.000221343245357275,115.4958267211914,4.796512126922607,66.4581937789917,1.4162704918032787,0.008325409836065573,0.0002497622950819672,1.443413494185808
229,3751936,1030.7917922379838,839.95,0.015,0.0,0.0,-0.001402021385729313,110.42240905761719,4.8004889488220215,66.7235267162323,1.4159016393442623,0.008318032786885246,0.00024954098360655734,1.4435898047641877
230,3768320,1033.3168938381743,845.175,0.005,0.0,0.0,-0.0028670309111475945,108.98583221435547,4.809224605560303,66.98608160018921,1.4155327868852459,0.008310655737704918,0.0002493196721311475,1.4448023558657905
231,3784704,1015.3969719531856,831.395,0.03,0.0,0.0,-0.026822302490472794,114.54389953613281,4.811382293701172,67.25326323509216,1.4151639344262295,0.00830327868852459,0.0002490983606557377,1.4477601973751644
232,3801088,985.4984346668157,806.515,0.08,0.0,0.0,0.019826680421829224,109.02047729492188,4.818236351013184,67.52447319030762,1.414795081967213,0.008295901639344263,0.00024887704918032783,1.4517837151051163
233,3817472,965.5926953319592,790.48,0.12,0.0,0.0,-0.001589030958712101,57.51023864746094,4.824367523193359,67.79167985916138,1.4144262295081966,0.008288524590163934,0.000248655737704918,1.4552103166064558
234,3833856,952.2762780947311,779.19,0.16,0.0,0.0,0.026280736550688744,93.3087158203125,4.828032493591309,68.05629301071167,1.4140573770491804,0.008281147540983606,0.0002484344262295082,1.4599689323927039
235,3850240,946.1608965584784,775.735,0.17,0.0,0.0,-0.005236169323325157,125.97158813476562,4.826440811157227,68.34998869895935,1.413688524590164,0.008273770491803278,0.0002482131147540983,1.4645769462064555
236,3866624,935.1973945610071,769.25,0.185,0.0,0.0,0.01129272673279047,102.78471374511719,4.819753646850586,68.64423131942749,1.4133196721311476,0.00826639344262295,0.0002479918032786885,1.4696211431766932
237,3883008,920.2334720112676,760.495,0.2,0.0,0.0,0.023579169064760208,114.86444091796875,4.820164680480957,68.93420314788818,1.4129508196721312,0.008259016393442623,0.0002477704918032787,1.4744687518763016
238,3899392,907.1756439624809,754.34,0.215,0.0,0.0,0.008450652472674847,113.937744140625,4.821432113647461,69.23538064956665,1.4125819672131148,0.008251639344262296,0.00024754918032786886,1.479350657782169
239,3915776,893.6259350655088,744.1,0.24,0.0,0.0,-0.002889658324420452,123.3075180053711,4.823871612548828,69.53854465484619,1.4122131147540984,0.008244262295081968,0.000247327868852459,1.4816621906713359
240,3932160,899.0744280853185,750.935,0.23,0.0,0.0,-0.002818062901496887,92.14698791503906,4.824286460876465,69.83439683914185,1.411844262295082,0.008236885245901639,0.00024710655737704917,1.4822156349175455
241,3948544,916.9474997821297,770.29,0.19,0.0,0.0,-0.023444397374987602,117.4599380493164,4.826097011566162,70.1271824836731,1.4114754098360656,0.008229508196721311,0.00024688524590163935,1.4818510649994838
242,3964928,932.1654150467328,784.405,0.165,0.0,0.0,-0.01602986454963684,97.25242614746094,4.832825660705566,70.42738127708435,1.4111065573770492,0.008222131147540983,0.0002466639344262295,1.4805333456790055
243,3981312,940.4672521058296,792.81,0.12,0.0,0.0,0.00594613840803504,130.55184936523438,4.839377403259277,70.72200012207031,1.4107377049180327,0.008214754098360656,0.00024644262295081965,1.478562697089555
244,3997696,951.3911696857659,802.855,0.095,0.0,0.0,0.018477771431207657,126.81990051269531,4.8400163650512695,71.02452087402344,1.4103688524590163,0.008207377049180328,0.00024622131147540984,1.4766503864557878
245,4014080,956.6877329080863,806.31,0.085,0.0,0.0,-0.00780946621671319,113.0224838256836,4.842995643615723,71.31615591049194,1.41,0.008199999999999999,0.00024599999999999996,1.4749883874281133
246,4030464,967.5268547915143,812.795,0.07,0.0,0.0,0.0037172185257077217,141.38775634765625,4.8452959060668945,71.61734509468079,1.4096311475409835,0.008192622950819673,0.00024577868852459014,1.471786140529621
247,4046848,981.6999189577281,821.55,0.055,0.0,0.0,-0.012635654769837856,93.38704681396484,4.848466873168945,71.90904068946838,1.4092622950819673,0.008185245901639344,0.0002455573770491803,1.4688232184442847
248,4063232,994.7681482117064,827.705,0.04,0.0,0.0,0.006883963011205196,142.2399139404297,4.859133243560791,72.2074785232544,1.408893442622951,0.008177868852459016,0.00024533606557377045,1.4635105563497706
249,4079616,1003.6583831992476,832.25,0.02,0.0,0.0,0.0042195189744234085,141.4980926513672,4.874504089355469,72.50618934631348,1.4085245901639345,0.008170491803278689,0.00024511475409836063,1.4590782959158977
250,4096000,1009.23042094106,833.97,0.015,0.0,0.0,-0.016837606206536293,93.8043441772461,4.874716281890869,72.80650162696838,1.408155737704918,0.008163114754098361,0.0002448934426229508,1.454632161587715
251,4112384,1017.8692374083768,837.87,0.015,0.0,0.0,-0.003228205256164074,103.35279846191406,4.883152008056641,73.10207080841064,1.4077868852459017,0.008155737704918033,0.000244672131147541,1.4502695079346823
252,4128768,1022.1263419375746,838.75,0.005,0.0,0.0,0.009962018579244614,149.37026977539062,4.896648406982422,73.38560175895691,1.4074180327868853,0.008148360655737704,0.0002444508196721311,1.444801840212045
253,4145152,1027.3364549192545,841.2,0.005,0.0,0.0,0.010594340041279793,120.63140869140625,4.8995537757873535,73.68199300765991,1.4070491803278689,0.008140983606557376,0.0002442295081967213,1.440529866432045
254,4161536,1018.5938494231237,831.195,0.02,0.0,0.0,-0.0150344492867589,93.53556823730469,4.898009777069092,73.96759819984436,1.4066803278688524,0.008133606557377049,0.00024400819672131145,1.4372593984082322
255,4177920,1019.4693327698627,831.195,0.02,0.0,0.0,0.011363683268427849,126.52735137939453,4.9113945960998535,74.26516127586365,1.406311475409836,0.008126229508196721,0.00024378688524590163,1.4338864962388334
256,4194304,1003.577593447218,814.98,0.055,0.0,0.0,-0.01008283905684948,109.46900939941406,4.9239912033081055,74.56055665016174,1.4059426229508196,0.008118852459016394,0.0002435655737704918,1.4311831342826438
257,4210688,983.4606388078365,792.19,0.125,0.0,0.0,0.007414065767079592,90.31967163085938,4.937989234924316,74.85853052139282,1.4055737704918032,0.008111475409836066,0.00024334426229508194,1.4294726577270598
258,4227072,984.4597864166441,791.825,0.14,0.0,0.0,0.01649364084005356,110.17516326904297,4.940607070922852,75.15904211997986,1.4052049180327868,0.008104098360655738,0.00024312295081967212,1.4278134595707008
259,4243456,976.0835624262073,783.54,0.16,0.0,0.0,0.004249910358339548,103.86077117919922,4.9547529220581055,75.44978260993958,1.4048360655737704,0.00809672131147541,0.00024290163934426228,1.4271367671313002
260,4259840,964.1481043756124,772.755,0.18,0.0,0.0,-0.001685519702732563,106.63765716552734,4.962330341339111,75.7470965385437,1.4044672131147542,0.008089344262295082,0.00024268032786885246,1.426627261641495
261,4276224,957.4131182398239,766.165,0.2,0.0,0.0,-0.002864886075258255,103.66786193847656,4.96677303314209,76.03935360908508,1.4040983606557378,0.008081967213114754,0.0002424590163934426,1.426027117121717
262,4292608,943.5883644156979,754.91,0.225,0.0,0.0,0.013696029782295227,91.88362121582031,4.981868743896484,76.340567111969,1.4037295081967214,0.008074590163934426,0.00024223770491803276,1.4265192483948979
263,4308992,934.9820017200474,747.835,0.245,0.0,0.0,-0.0009422977454960346,134.260009765625,4.998895645141602,76.63493132591248,1.403360655737705,0.008067213114754099,0.00024201639344262295,1.4255681554400832
264,4325376,918.3902573010973,732.67,0.285,0.0,0.0,0.010996378026902676,97.63253021240234,5.0064616203308105,76.93402361869812,1.4029918032786886,0.00805983606557377,0.0002417950819672131,1.4249563397766596
265,4341760,915.4931220779981,730.755,0.29,0.0,0.0,-0.005982885602861643,64.40741729736328,5.012965202331543,77.2330207824707,1.4026229508196721,0.008052459016393444,0.00024157377049180325,1.4242162444692934
266,4358144,923.0216268555407,740.69,0.25,0.0,0.0,0.004601103253662586,113.04647827148438,5.025341987609863,77.53424263000488,1.4022540983606557,0.008045081967213114,0.00024135245901639343,1.4229549419026017
267,4374528,923.5426847144778,743.61,0.235,0.0,0.0,0.02438403107225895,177.93995666503906,5.037539482116699,77.83670711517334,1.4018852459016393,0.008037704918032787,0.0002411311475409836,1.4229533209495486
268,4390912,916.2244732712056,736.14,0.255,0.0,0.0,0.0015524588525295258,62.86060333251953,5.032825469970703,78.13579893112183,1.401516393442623,0.008030327868852459,0.00024090983606557374,1.4233197009254763
269,4407296,916.5188033015735,736.9,0.25,0.0,0.0,0.00659186439588666,110.26007080078125,5.042193412780762,78.43102526664734,1.4011475409836065,0.008022950819672131,0.00024068852459016392,1.4241419049726773
270,4423680,921.0713281657867,743.49,0.23,0.0,0.0,0.012082848697900772,180.83087158203125,5.047831058502197,78.72297143936157,1.40077868852459,0.008015573770491804,0.00024046721311475407,1.4261220886046695
271,4440064,925.9688941685195,748.875,0.215,0.0,0.0,0.002088898792862892,96.61502075195312,5.070371627807617,79.01672148704529,1.400409836065574,0.008008196721311475,0.00024024590163934426,1.4260649622709156
272,4456448,940.7919295886727,762.38,0.19,0.0,0.0,0.0028526722453534603,111.97555541992188,5.083463668823242,79.30643916130066,1.4000409836065573,0.008000819672131147,0.0002400245901639344,1.4265829195712707
273,4472832,949.408433091243,772.925,0.16,0.0,0.0,-0.014400016516447067,118.73175048828125,5.089591026306152,79.574214220047,1.399672131147541,0.00799344262295082,0.0002398032786885246,1.4274374908599896
274,4489216,958.2841465158126,782.425,0.135,0.0,0.0,-0.017894376069307327,105.11224365234375,5.097281455993652,79.84432339668274,1.3993032786885247,0.007986065573770492,0.00023958196721311474,1.42771619844761
275,4505600,969.8261408090865,794.905,0.105,0.0,0.0,0.02131359837949276,127.87067413330078,5.109552383422852,80.1127405166626,1.3989344262295083,0.007978688524590164,0.0002393606557377049,1.427359867693134
276,4521984,977.5786514535813,802.85,0.09,0.0,0.0,-0.027471043169498444,109.87943267822266,5.107783794403076,80.38165807723999,1.3985655737704918,0.007971311475409837,0.00023913934426229508,1.4266571150125906
277,4538368,987.2422723610044,813.07,0.065,0.0,0.0,-0.00437165517359972,137.0670928955078,5.113954067230225,80.65081286430359,1.3981967213114754,0.007963934426229509,0.00023891803278688523,1.4251138333547042
278,4554752,996.0645266624596,821.71,0.045,0.0,0.0,0.0002068390604108572,81.89842224121094,5.124628067016602,80.9167308807373,1.397827868852459,0.00795655737704918,0.00023869672131147539,1.4241085525970771
279,4571136,1001.5064286080355,828.765,0.02,0.0,0.0,-0.015102638863027096,88.29051208496094,5.130738258361816,81.18695402145386,1.3974590163934426,0.007949180327868852,0.00023847540983606557,1.4235347976129196
280,4587520,1008.0629571522886,833.965,0.02,0.0,0.0,0.004035155288875103,145.67684936523438,5.129560947418213,81.45288252830505,1.3970901639344262,0.007941803278688524,0.00023825409836065572,1.4234753928929305
281,4603904,1007.4644908887261,833.965,0.02,0.0,0.0,-0.018745508044958115,79.8233413696289,5.124456405639648,81.72024846076965,1.3967213114754098,0.007934426229508197,0.00023803278688524587,1.4240103196708735
282,4620288,1005.3108512559345,833.965,0.02,0.0,0.0,-0.02343297190964222,88.71290588378906,5.126471519470215,81.984206199646,1.3963524590163934,0.00792704918032787,0.00023781147540983605,1.4245275977673169
283,4636672,1011.4047366758247,840.37,0.01,0.0,0.0,0.00038068322464823723,151.2099609375,5.132231712341309,82.25413250923157,1.395983606557377,0.00791967213114754,0.0002375901639344262,1.4231501502955797
284,4653056,1011.7982386605271,840.37,0.01,0.0,0.0,0.020202670246362686,138.89796447753906,5.1427001953125,82.52235770225525,1.3956147540983608,0.007912295081967214,0.00023736885245901636,1.421612204826147
285,4669440,1011.5847115314424,840.37,0.01,0.0,0.0,-0.013913596048951149,82.29817199707031,5.1535749435424805,82.78562831878662,1.3952459016393444,0.007904918032786885,0.00023714754098360654,1.4198201351682753
286,4685824,1012.7859144963668,842.26,0.01,0.0,0.0,-0.008503043092787266,121.67218017578125,5.162386894226074,83.05045652389526,1.394877049180328,0.007897540983606557,0.00023692622950819672,1.4163341116800532
287,4702208,1009.7342427852138,842.26,0.01,0.0,0.0,0.007940487936139107,145.53509521484375,5.1790618896484375,83.3234236240387,1.3945081967213115,0.00789016393442623,0.00023670491803278688,1.4109077216133317
288,4718592,1012.1267833743582,845.81,0.005,0.0,0.0,-0.020209897309541702,77.58881378173828,5.194957733154297,83.58713984489441,1.3941393442622951,0.007882786885245902,0.00023648360655737703,1.4072262907838051
289,4734976,1009.1297852043695,845.81,0.005,0.0,0.0,-0.007700788322836161,86.78462219238281,5.1861796379089355,83.85689067840576,1.3937704918032787,0.007875409836065574,0.0002362622950819672,1.402641425887059
290,4751360,1010.8023415984658,848.0,0.0,0.0,0.0,-0.012427831068634987,136.9605255126953,5.19173526763916,84.1259355545044,1.3934016393442623,0.007868032786885245,0.00023604098360655737,1.3953694688995706
291,4767744,1010.275741759277,848.0,0.0,0.0,0.0,-0.022897083312273026,72.48030853271484,5.195586204528809,84.39039039611816,1.393032786885246,0.007860655737704919,0.00023581967213114752,1.39116715327203
292,4784128,1012.2635487253806,848.0,0.0,0.0,0.0,-0.006723917089402676,89.59294128417969,5.197292327880859,84.65668201446533,1.3926639344262295,0.00785327868852459,0.0002355983606557377,1.3879743587828772
293,4800512,1014.1288290534701,848.0,0.0,0.0,0.0,0.028137845918536186,171.79110717773438,5.205447196960449,84.92788338661194,1.392295081967213,0.007845901639344262,0.00023537704918032785,1.3868963600790862
294,4816896,1011.0051789977259,844.645,0.015,0.0,0.0,0.00018796231597661972,108.85765075683594,5.2088165283203125,85.19291019439697,1.3919262295081967,0.007838524590163935,0.000235155737704918,1.3870209919801795
295,4833280,1009.6372937833013,842.26,0.02,0.0,0.0,0.002658543409779668,90.27308654785156,5.232697486877441,85.4626259803772,1.3915573770491803,0.007831147540983607,0.0002349344262295082,1.3892510030427578
296,4849664,1010.4697095349693,841.23,0.035,0.0,0.0,-0.012144595384597778,120.57400512695312,5.234455108642578,85.7298789024353,1.3911885245901638,0.00782377049180328,0.00023471311475409837,1.3937808607003228
297,4866048,1011.788834371132,841.22,0.04,0.0,0.0,-0.008193261921405792,123.05216217041016,5.234607696533203,85.99706602096558,1.3908196721311477,0.00781639344262295,0.0002344918032786885,1.3998654415307399
298,4882432,1002.2553957554702,830.48,0.06,0.0,0.0,-0.01524754986166954,69.1344223022461,5.232389450073242,86.2634539604187,1.3904508196721312,0.0078090163934426225,0.00023427049180327868,1.4062049669552121
299,4898816,995.1221494120534,820.22,0.085,0.0,0.0,0.018943870440125465,96.81378173828125,5.2363691329956055,86.53106451034546,1.3900819672131148,0.007801639344262295,0.00023404918032786886,1.4118532240849795
300,4915200,972.9225157910024,796.925,0.135,0.0,0.0,0.005292227026075125,133.47503662109375,5.246903419494629,86.80057907104492,1.3897131147540984,0.007794262295081967,0.00023382786885245898,1.4207452065738118
301,4931584,956.2503036067943,778.395,0.185,0.0,0.0,-0.011784655973315239,64.41732788085938,5.2517194747924805,87.06844878196716,1.389344262295082,0.00778688524590164,0.00023360655737704916,1.425040829516358
302,4947968,935.2075306654809,758.46,0.225,0.0,0.0,0.019915293902158737,86.55313110351562,5.255904197692871,87.33889651298523,1.3889754098360656,0.007779508196721311,0.00023338524590163934,1.425926355618408
303,4964352,932.7536498870052,757.13,0.22,0.0,0.0,-0.0010672048665583134,104.0712890625,5.26077938079834,87.6057517528534,1.3886065573770492,0.007772131147540984,0.0002331639344262295,1.4254329038598832
304,4980736,936.6326773338313,760.35,0.215,0.0,0.0,-0.0012237145565450191,127.0584716796875,5.264497756958008,87.87706327438354,1.3882377049180328,0.007764754098360655,0.00023294262295081965,1.423860147429319
305,4997120,929.8903994002484,753.1,0.23,0.0,0.0,0.0050323717296123505,78.50313568115234,5.266447067260742,88.1432089805603,1.3878688524590164,0.0077573770491803275,0.00023272131147540983,1.4206645610521382
306,5013504,926.1258958537329,748.79,0.235,0.0,0.0,0.020659200847148895,133.31175231933594,5.274670600891113,88.4114260673523,1.3875,0.00775,0.00023249999999999999,1.4170164589697902
307,5029888,935.2204911857675,759.53,0.215,0.0,0.0,-0.018011443316936493,114.50700378417969,5.277678966522217,88.67874264717102,1.3871311475409835,0.007742622950819672,0.00023227868852459014,1.4111137862461993
308,5046272,935.7452988080232,762.26,0.2,0.0,0.0,-0.0006495064590126276,80.59962463378906,5.278478145599365,88.94885396957397,1.3867622950819671,0.007735245901639345,0.00023205737704918032,1.4080638742054123
309,5062656,942.3138878177243,770.63,0.18,0.0,0.0,-0.024741703644394875,95.36104583740234,5.285068035125732,89.21666550636292,1.3863934426229507,0.007727868852459016,0.00023183606557377047,1.404156334543595
310,5079040,953.1635868423516,784.245,0.15,0.0,0.0,-0.005717156920582056,133.1073760986328,5.300370216369629,89.48570942878723,1.3860245901639345,0.007720491803278688,0.00023161475409836063,1.4004149199085822
311,5095424,960.711061526133,793.08,0.135,0.0,0.0,0.012880236841738224,93.14795684814453,5.308525085449219,89.7550916671753,1.3856557377049181,0.00771311475409836,0.0002313934426229508,1.3981644969417744
312,5111808,963.0802121471148,797.675,0.125,0.0,0.0,-0.014817943796515465,112.55300903320312,5.326567649841309,90.0277795791626,1.3852868852459017,0.007705737704918033,0.000231172131147541,1.3979886748369625
313,5128192,949.1376544603215,784.79,0.14,0.0,0.0,0.039501436054706573,133.51806640625,5.33685827255249,90.29533648490906,1.3849180327868853,0.007698360655737705,0.00023095081967213114,1.3995668067922957
314,5144576,942.7107590883743,780.69,0.15,0.0,0.0,-0.011399850249290466,114.96881103515625,5.336862564086914,90.5644302368164,1.384549180327869,0.0076909836065573774,0.0002307295081967213,1.4011039729858619
315,5160960,930.7770072379986,768.505,0.18,0.0,0.0,-0.011981304734945297,82.89581298828125,5.340854644775391,90.83270812034607,1.3841803278688525,0.007683606557377049,0.00023050819672131145,1.4038688845721299
316,5177344,921.142171358187,756.445,0.215,0.0,0.0,0.008905895985662937,93.3418960571289,5.346313953399658,91.09694242477417,1.383811475409836,0.007676229508196721,0.0002302868852459016,1.4089184265991472
317,5193728,910.4439871452524,745.415,0.245,0.0,0.0,0.0007497016340494156,122.94950866699219,5.344947814941406,91.37352299690247,1.3834426229508197,0.007668852459016393,0.00023006557377049179,1.4156480537476346
318,5210112,900.9881221610652,736.145,0.27,0.0,0.0,0.004619058221578598,92.13745880126953,5.357954025268555,91.6384756565094,1.3830737704918032,0.007661475409836065,0.00022984426229508197,1.4205916476501579
319,5226496,874.8413971830943,712.04,0.305,0.0,0.005,0.001800692523829639,104.7358169555664,5.370547294616699,91.9092116355896,1.3827049180327868,0.007654098360655738,0.00022962295081967212,1.4248052785815009
320,5242880,876.8168703397164,713.225,0.31,0.0,0.005,0.012340828776359558,97.00342559814453,5.368918418884277,92.17951464653015,1.3823360655737704,0.00764672131147541,0.00022940163934426227,1.428897191409205
321,5259264,846.003215275746,682.99,0.385,0.0,0.005,0.011997018940746784,82.28741455078125,5.36970329284668,92.45107078552246,1.381967213114754,0.007639344262295082,0.00022918032786885245,1.433136405907302
322,5275648,803.0429179777767,643.12,0.44,0.0,0.005,-0.015499437227845192,69.87966918945312,5.371163368225098,92.72035050392151,1.3815983606557376,0.007631967213114754,0.0002289590163934426,1.4368093884429844
323,5292032,768.5437172893844,612.37,0.485,0.0,0.005,-0.016964031383395195,65.4950180053711,5.367706298828125,92.99075818061829,1.3812295081967214,0.007624590163934426,0.00022873770491803276,1.4374537031555548
324,5308416,743.6880946766836,586.595,0.54,0.0,0.005,0.016534123569726944,53.111488342285156,5.370384216308594,93.2617576122284,1.380860655737705,0.007617213114754098,0.00022851639344262294,1.4362060594630617
325,5324800,711.2732030157392,551.565,0.6,0.0,0.005,-0.009028714150190353,44.53947830200195,5.363714218139648,93.53402829170227,1.3804918032786886,0.00760983606557377,0.00022829508196721312,1.4327778826086413
326,5341184,720.039416922516,556.67,0.605,0.0,0.0,-0.016123581677675247,93.48532104492188,5.359429359436035,93.80270338058472,1.3801229508196722,0.007602459016393443,0.00022807377049180325,1.4294680942559506
327,5357568,709.0878849106459,546.015,0.61,0.0,0.0,0.010101388208568096,84.37173461914062,5.370811462402344,94.0677137374878,1.3797540983606558,0.007595081967213115,0.00022785245901639343,1.4265225125805687
328,5373952,718.4856550062711,554.845,0.58,0.0,0.0,0.0006008623167872429,83.88339233398438,5.380431175231934,94.33466577529907,1.3793852459016394,0.007587704918032787,0.0002276311475409836,1.4238250198067102
329,5390336,744.0338695047877,578.11,0.545,0.0,0.0,-0.018154513090848923,95.67830657958984,5.3861083984375,94.60173153877258,1.379016393442623,0.007580327868852459,0.00022740983606557376,1.421332918892151
330,5406720,750.4174876208125,583.11,0.525,0.0,0.0,-0.009863441810011864,90.23839569091797,5.391783714294434,94.86839056015015,1.3786475409836065,0.007572950819672131,0.00022718852459016392,1.4188357130249658
331,5423104,763.4421685262074,593.82,0.52,0.0,0.0,-0.006726712454110384,67.05474090576172,5.404335975646973,95.13692283630371,1.3782786885245901,0.007565573770491803,0.0002269672131147541,1.4169349804846922
332,5439488,773.0651272107699,602.485,0.5,0.0,0.0,-0.0013845628127455711,79.73497009277344,5.4218525886535645,95.41038966178894,1.3779098360655737,0.0075581967213114755,0.00022674590163934425,1.4160847774570848
333,5455872,760.960691288354,590.37,0.525,0.0,0.0,0.005200711078941822,84.79153442382812,5.4362664222717285,95.68537139892578,1.3775409836065573,0.007550819672131148,0.0002265245901639344,1.414693174361099
334,5472256,770.0032095114852,598.46,0.515,0.0,0.0,0.007314421236515045,79.09465789794922,5.428585052490234,95.9564208984375,1.3771721311475411,0.00754344262295082,0.0002263032786885246,1.4131245774871257
335,5488640,783.8134339606642,611.26,0.495,0.0,0.0,-0.0429505817592144,52.12146759033203,5.432154655456543,96.2242922782898,1.3768032786885247,0.007536065573770492,0.00022608196721311474,1.4123654219726207
336,5505024,794.552122586647,621.845,0.475,0.0,0.0,-0.003891127649694681,99.03390502929688,5.43943977355957,96.49686026573181,1.3764344262295083,0.007528688524590163,0.0002258606557377049,1.4106400971111173
337,5521408,797.3575181420788,626.37,0.46,0.0,0.0,-0.007175168953835964,143.906005859375,5.442069053649902,96.77357602119446,1.3760655737704919,0.007521311475409836,0.00022563934426229508,1.4087547628944028
338,5537792,807.0173109922814,635.42,0.44,0.0,0.0,-0.012544224038720131,88.05955505371094,5.446857452392578,97.04309105873108,1.3756967213114755,0.007513934426229508,0.00022541803278688523,1.4057505677112263
339,5554176,820.3930610856315,648.555,0.415,0.0,0.0,-0.012534400448203087,70.35891723632812,5.450300216674805,97.31299591064453,1.375327868852459,0.007506557377049181,0.00022519672131147538,1.4033157386678967
340,5570560,836.6972378383914,666.0,0.385,0.0,0.0,0.01602533832192421,138.176513671875,5.448863983154297,97.58675265312195,1.3749590163934426,0.007499180327868853,0.00022497540983606556,1.3995559533270734
341,5586944,858.172575396734,686.64,0.35,0.0,0.0,-0.021211929619312286,60.349849700927734,5.4443359375,97.85480976104736,1.3745901639344262,0.0074918032786885245,0.00022475409836065574,1.3985364328343368
342,5603328,866.6765555923703,696.485,0.325,0.0,0.0,0.009730860590934753,79.82077026367188,5.468440055847168,98.12451195716858,1.3742213114754098,0.007484426229508196,0.00022453278688524587,1.397329250904801
343,5619712,868.0783883218886,701.5,0.31,0.0,0.0,-0.005026159342378378,137.69264221191406,5.478507995605469,98.39633440971375,1.3738524590163934,0.0074770491803278685,0.00022431147540983605,1.3998369928015044
344,5636096,845.2894462461703,680.22,0.35,0.0,0.0,-0.030077479779720306,86.39622497558594,5.479387283325195,98.66852879524231,1.373483606557377,0.007469672131147541,0.00022409016393442623,1.4033566708360976
345,5652480,829.7557025836861,665.865,0.375,0.0,0.0,-0.02722453698515892,43.86766815185547,5.483529090881348,98.93872451782227,1.3731147540983606,0.007462295081967213,0.00022386885245901639,1.4068372115667653
346,5668864,841.8033636076386,679.115,0.355,0.0,0.0,-0.01398007944226265,116.018310546875,5.4906721115112305,99.20626854896545,1.3727459016393442,0.007454918032786886,0.00022364754098360654,1.4094348764929756
347,5685248,842.7067974533679,682.43,0.345,0.0,0.0,-0.019523438066244125,88.72638702392578,5.501699447631836,99.47624373435974,1.372377049180328,0.007447540983606557,0.00022342622950819672,1.4129086684725969
348,5701632,859.8248863430152,701.28,0.3,0.0,0.0,-0.025127992033958435,70.9221420288086,5.508047103881836,99.74748039245605,1.3720081967213114,0.007440163934426229,0.00022320491803278687,1.4148477133344874
349,5718016,855.5258433514923,697.645,0.31,0.0,0.0,0.01672171987593174,79.9028091430664,5.514442443847656,100.01509237289429,1.3716393442622952,0.007432786885245901,0.00022298360655737703,1.4176335011344492
350,5734400,860.6851977319981,703.97,0.295,0.0,0.0,-0.020093008875846863,120.44815063476562,5.527146816253662,100.28253960609436,1.3712704918032788,0.0074254098360655735,0.0002227622950819672,1.4200195631957377
351,5750784,861.6534803831918,703.82,0.295,0.0,0.0,-0.0025086738169193268,84.23651123046875,5.525856018066406,100.55254912376404,1.3709016393442623,0.007418032786885246,0.0002225409836065574,1.4193248812915231
352,5767168,841.4769401380123,685.865,0.315,0.0,0.005,-0.008496548980474472,74.48311614990234,5.53386116027832,100.82128190994263,1.370532786885246,0.007410655737704918,0.00022231967213114752,1.418685132778235
353,5783552,852.1543385908869,697.98,0.28,0.0,0.005,0.039366595447063446,167.79629516601562,5.538211822509766,101.09222388267517,1.3701639344262295,0.00740327868852459,0.0002220983606557377,1.415142629056944
354,5799936,848.7086941860907,695.11,0.275,0.0,0.005,-0.008523514494299889,98.95307922363281,5.534829139709473,101.36249327659607,1.3697950819672131,0.007395901639344262,0.00022187704918032785,1.411873366956901
355,5816320,823.7548309101786,670.915,0.305,0.0,0.005,0.0018790652975440025,79.47673797607422,5.530386924743652,101.63371419906616,1.3694262295081967,0.007388524590163934,0.000221655737704918,1.4096251206884534
356,5832704,817.9026857646203,663.845,0.325,0.0,0.005,-0.008838772773742676,90.26482391357422,5.52966833114624,101.92888355255127,1.3690573770491803,0.007381147540983606,0.00022143442622950818,1.406713160119249
357,5849088,779.1680803042685,625.27,0.39,0.0,0.005,0.004943704232573509,126.40290069580078,5.535028457641602,102.21861171722412,1.3686885245901639,0.007373770491803279,0.00022121311475409837,1.4041645786989667
358,5865472,732.994117277511,582.015,0.455,0.0,0.005,0.008153812028467655,37.97481155395508,5.538898468017578,102.51939225196838,1.3683196721311475,0.007366393442622951,0.0002209918032786885,1.4044792551839855
359,5881856,744.4701309346669,593.055,0.435,0.0,0.005,0.004439203068614006,85.68016052246094,5.535434246063232,102.81595230102539,1.367950819672131,0.007359016393442623,0.00022077049180327867,1.4035098953109155
360,5898240,752.8249869669795,596.42,0.455,0.0,0.005,0.009200308471918106,152.76882934570312,5.539066314697266,103.11584258079529,1.3675819672131149,0.007351639344262295,0.00022054918032786885,1.4021329140167642
361,5914624,736.1524889705731,578.805,0.495,0.0,0.005,-0.02883279137313366,20.791757583618164,5.532061576843262,103.414315700531,1.3672131147540985,0.0073442622950819665,0.000220327868852459,1.4013981377204932
362,5931008,749.65686088691,591.1,0.485,0.0,0.005,0.010269200429320335,99.51690673828125,5.532701015472412,103.7061619758606,1.366844262295082,0.007336885245901639,0.00022010655737704916,1.3997081539375842
363,5947392,754.6404403400978,597.57,0.46,0.0,0.01,-0.005984337069094181,123.00162506103516,5.534824371337891,104.00334787368774,1.3664754098360656,0.007329508196721311,0.00021988524590163934,1.3984393345047044
364,5963776,767.5830174281502,611.195,0.43,0.0,0.01,0.002737227361649275,131.40538024902344,5.544191360473633,104.30343103408813,1.3661065573770492,0.007322131147540984,0.0002196639344262295,1.3959243666326189
365,5980160,793.9991535602414,635.545,0.39,0.0,0.01,-0.016330186277627945,91.94534301757812,5.549250602722168,104.59163212776184,1.3657377049180328,0.007314754098360656,0.00021944262295081965,1.394440921462832
366,5996544,820.2408663768135,660.225,0.355,0.0,0.01,0.02119322679936886,96.4560546875,5.545491695404053,104.88533282279968,1.3653688524590164,0.007307377049180328,0.00021922131147540983,1.3920618849050592
367,6012928,853.7004584915028,693.51,0.29,0.0,0.015,-0.01976877823472023,132.0977783203125,5.556379795074463,105.18331837654114,1.365,0.0073,0.000219,1.3883922777963251
368,6029312,870.1189394738229,709.375,0.265,0.0,0.01,-0.008964003063738346,86.06430053710938,5.55668830871582,105.48336410522461,1.3646311475409836,0.007292622950819672,0.00021877868852459016,1.3866147269378086
369,6045696,886.4451806182045,725.925,0.225,0.0,0.01,0.0002962639555335045,90.87487030029297,5.560288429260254,105.77670526504517,1.3642622950819672,0.007285245901639344,0.00021855737704918032,1.3853177599924271
370,6062080,920.0520480841898,759.065,0.17,0.0,0.01,-0.016436532139778137,142.06724548339844,5.56088924407959,106.06982088088989,1.3638934426229508,0.007277868852459016,0.00021833606557377047,1.3822351412879608
371,6078464,925.254112104127,766.075,0.145,0.0,0.01,-0.024934932589530945,68.5872573852539,5.573976516723633,106.36827039718628,1.3635245901639343,0.007270491803278689,0.00021811475409836063,1.3815146786504426
372,6094848,931.8354395421208,773.41,0.125,0.0,0.01,-0.017213594168424606,78.32465362548828,5.578600883483887,106.65971040725708,1.363155737704918,0.007263114754098361,0.0002178934426229508,1.3806804965698714
373,6111232,940.3744048121953,781.465,0.115,0.0,0.005,-0.005808166228234768,104.40974426269531,5.577535629272461,106.95316672325134,1.3627868852459017,0.007255737704918033,0.000217672131147541,1.379898707956585
374,6127616,950.7747085762144,794.215,0.09,0.0,0.005,-0.010323157534003258,142.91954040527344,5.581007957458496,107.25443816184998,1.3624180327868853,0.007248360655737705,0.00021745081967213114,1.3798573860920031
375,6144000,955.8027808010025,801.695,0.07,0.0,0.01,-0.028887629508972168,116.19076538085938,5.58315896987915,107.55812001228333,1.362049180327869,0.007240983606557377,0.0002172295081967213,1.378397188593584
376,6160384,964.8884827818304,810.74,0.05,0.0,0.01,-0.02880680561065674,62.554718017578125,5.586808204650879,107.8511905670166,1.3616803278688525,0.007233606557377049,0.00021700819672131147,1.3781170282305828
377,6176768,971.935540589886,817.345,0.045,0.0,0.005,-0.016198642551898956,138.7598876953125,5.592258930206299,108.1441297531128,1.361311475409836,0.0072262295081967215,0.00021678688524590163,1.377108526884877
378,6193152,976.9709364579813,823.545,0.035,0.0,0.005,-0.01873725838959217,102.32658386230469,5.5993757247924805,108.43712759017944,1.3609426229508197,0.007218852459016394,0.00021656557377049178,1.377135105345743
379,6209536,975.7095869413457,823.545,0.035,0.0,0.005,0.008960001170635223,70.92048645019531,5.589604377746582,108.72223234176636,1.3605737704918033,0.007211475409836066,0.00021634426229508196,1.3775770481433285
380,6225920,988.8958978483922,837.13,0.01,0.0,0.005,0.013298597186803818,169.56640625,5.590758323669434,109.01364850997925,1.3602049180327869,0.007204098360655737,0.00021612295081967212,1.379956127199331
381,6242304,991.350828542634,839.455,0.01,0.0,0.005,-0.02845137007534504,71.57244873046875,5.595125198364258,109.30358743667603,1.3598360655737705,0.007196721311475409,0.00021590163934426227,1.3813940169730157
382,6258688,994.4827905795802,842.755,0.005,0.0,0.005,-0.011101980693638325,75.27156066894531,5.596926689147949,109.59678363800049,1.359467213114754,0.007189344262295082,0.00021568032786885245,1.3825373208518392
383,6275072,994.864727847285,842.755,0.005,0.0,0.005,0.011326565407216549,124.65245056152344,5.60197114944458,109.88420104980469,1.3590983606557376,0.007181967213114754,0.00021545901639344263,1.3836176771714712
384,6291456,995.2880661651897,840.505,0.01,0.0,0.005,0.0018532248213887215,154.54193115234375,5.600476264953613,110.18101382255554,1.3587295081967214,0.007174590163934427,0.00021523770491803279,1.383868441279075
385,6307840,996.614715391398,840.505,0.01,0.0,0.005,-0.007195908110588789,101.36846923828125,5.602294921875,110.47798156738281,1.3583606557377048,0.007167213114754098,0.00021501639344262294,1.3835406330298594
386,6324224,1001.7299972079479,844.445,0.01,0.0,0.0,0.010949108749628067,99.41602325439453,5.597922325134277,110.77535939216614,1.3579918032786886,0.00715983606557377,0.00021479508196721312,1.3835265506399321
387,6340608,1000.4529126772832,844.445,0.01,0.0,0.0,-0.022103602066636086,155.80087280273438,5.598803520202637,111.07581424713135,1.3576229508196722,0.007152459016393442,0.00021457377049180325,1.3806392743088585
388,6356992,1000.753224059548,844.445,0.01,0.0,0.0,-0.00613817386329174,116.59385681152344,5.612104415893555,111.36936831474304,1.3572540983606558,0.0071450819672131145,0.00021435245901639343,1.3788597880748117
389,6373376,1001.3418303815131,844.445,0.01,0.0,0.0,-0.020629072561860085,34.398719787597656,5.601311683654785,111.66086626052856,1.3568852459016394,0.007137704918032787,0.0002141311475409836,1.378123159268199
390,6389760,996.0781893353001,840.73,0.015,0.0,0.0,-0.013006603345274925,170.4867706298828,5.595623970031738,111.9651849269867,1.356516393442623,0.007130327868852459,0.00021390983606557376,1.3732572064083721
391,6406144,997.4117630275138,842.035,0.01,0.0,0.0,-0.02735990099608898,85.44409942626953,5.597416877746582,112.2593080997467,1.3561475409836066,0.007122950819672131,0.00021368852459016392,1.3704125086823293
392,6422528,997.4680613881562,842.035,0.01,0.0,0.0,0.008131894282996655,84.64693450927734,5.587899684906006,112.54894065856934,1.3557786885245902,0.007115573770491803,0.0002134672131147541,1.3677884662683397
393,6438912,995.259553706459,842.035,0.01,0.0,0.0,-0.012841813266277313,107.5453872680664,5.5955939292907715,112.84708976745605,1.3554098360655737,0.007108196721311475,0.00021324590163934425,1.36493497137655
394,6455296,988.7129495588499,840.3,0.005,0.0,0.005,0.021515775471925735,162.41221618652344,5.602577209472656,113.14497804641724,1.3550409836065573,0.007100819672131147,0.0002130245901639344,1.3614252132378868
395,6471680,986.8011125243802,840.3,0.005,0.0,0.005,-0.01232517883181572,92.28488159179688,5.619834899902344,113.43457221984863,1.354672131147541,0.0070934426229508196,0.00021280327868852458,1.3598195775007067
396,6488064,986.5290294841924,840.3,0.005,0.0,0.005,-0.0020501953549683094,86.97819519042969,5.620684623718262,113.7233521938324,1.3543032786885245,0.007086065573770492,0.00021258196721311474,1.3591697223366328
397,6504448,987.8066226810255,840.3,0.005,0.0,0.005,-0.015996653586626053,150.54611206054688,5.6248579025268555,114.01706671714783,1.3539344262295083,0.0070786885245901635,0.0002123606557377049,1.3582801970176914
398,6520832,975.0909172962289,827.09,0.035,0.0,0.005,0.0031067775562405586,123.09629821777344,5.6212639808654785,114.31295776367188,1.3535655737704917,0.007071311475409836,0.00021213934426229507,1.3577851326443153
399,6537216,963.5133582770603,815.4,0.06,0.0,0.005,-0.00426855031400919,54.28587341308594,5.627688407897949,114.60533618927002,1.3531967213114755,0.007063934426229508,0.00021191803278688525,1.3570838201496356
400,6553600,943.5636385605047,797.84,0.075,0.0,0.02,-0.0015489885117858648,150.2729949951172,5.638885974884033,114.902090549469,1.352827868852459,0.00705655737704918,0.0002116967213114754,1.3566642828321136
401,6569984,918.3936941063349,772.125,0.135,0.0,0.02,0.009030846878886223,114.04058074951172,5.639669418334961,115.178471326828,1.3524590163934427,0.007049180327868852,0.00021147540983606556,1.3573174012571962
402,6586368,903.3049064494443,755.2,0.17,0.0,0.02,-0.015004893764853477,59.0890007019043,5.637864589691162,115.47206711769104,1.3520901639344263,0.007041803278688525,0.00021125409836065574,1.3580284248819334
403,6602752,886.7030453053969,735.14,0.22,0.0,0.02,0.003575518261641264,57.87331008911133,5.6437296867370605,115.7582015991211,1.3517213114754099,0.007034426229508197,0.0002110327868852459,1.35932339415518
404,6619136,867.0331917067097,711.915,0.285,0.0,0.015,-0.001521015539765358,125.04606628417969,5.645727157592773,116.05576515197754,1.3513524590163934,0.007027049180327869,0.00021081147540983605,1.3597062502794532
405,6635520,842.9936786228968,686.915,0.335,0.0,0.015,0.012853628024458885,81.770751953125,5.6472344398498535,116.35365533828735,1.350983606557377,0.007019672131147541,0.00021059016393442623,1.36048741793381
406,6651904,831.6907983124987,674.745,0.375,0.0,0.015,-0.017720084637403488,54.5711555480957,5.660541534423828,116.6361768245697,1.3506147540983606,0.0070122950819672125,0.00021036885245901638,1.360332666061209
407,6668288,821.7017211115214,662.555,0.41,0.0,0.01,0.008540819399058819,89.44053649902344,5.673786163330078,116.93556547164917,1.3502459016393442,0.007004918032786885,0.00021014754098360654,1.359935353009364
408,6684672,822.8577905455921,657.935,0.46,0.0,0.0,-0.0035476945340633392,94.26566314697266,5.67488956451416,117.2279167175293,1.3498770491803278,0.006997540983606557,0.00020992622950819672,1.35807287253607
409,6701056,781.5223459426078,616.97,0.52,0.0,0.0,-0.003907834179699421,20.4893798828125,5.6750993728637695,117.52569270133972,1.3495081967213114,0.00699016393442623,0.00020970491803278687,1.35733935477514
410,6717440,779.7570061785315,614.555,0.525,0.0,0.0,-0.005800552666187286,81.28086853027344,5.675637722015381,117.82404351234436,1.3491393442622952,0.006982786885245902,0.00020948360655737702,1.3549073876794842
411,6733824,787.1658806814263,623.33,0.495,0.0,0.0,-0.0026784995570778847,94.93543243408203,5.6797943115234375,118.11862587928772,1.3487704918032788,0.006975409836065574,0.0002092622950819672,1.3532775062372047
412,6750208,798.474575069455,635.3,0.465,0.0,0.0,-0.0033137700520455837,106.8062744140625,5.683082580566406,118.41809296607971,1.3484016393442624,0.006968032786885246,0.00020904098360655739,1.351721973104987
413,6766592,815.188486305594,651.27,0.44,0.0,0.0,-0.018662597984075546,115.02293395996094,5.68386173248291,118.70676827430725,1.348032786885246,0.006960655737704918,0.0002088196721311475,1.349164733286927
414,6782976,824.0942208862433,661.465,0.4,0.0,0.0,0.008879413828253746,113.72244262695312,5.6852216720581055,118.985666513443,1.3476639344262296,0.00695327868852459,0.0002085983606557377,1.3473881367948863
415,6799360,836.54904977722,674.085,0.37,0.0,0.0,0.017167814075946808,102.21392822265625,5.68631649017334,119.25511431694031,1.3472950819672131,0.006945901639344262,0.00020837704918032787,1.3446057289739264
416,6815744,859.7701780066316,698.175,0.32,0.0,0.0,-0.019329465925693512,108.69390869140625,5.69480037689209,119.52239465713501,1.3469262295081967,0.006938524590163935,0.00020815573770491803,1.3415816238161915
417,6832128,867.6359633650205,707.725,0.29,0.0,0.0,-0.026874002069234848,62.867637634277344,5.707675933837891,119.78919911384583,1.3465573770491803,0.006931147540983607,0.00020793442622950818,1.33960888016747
418,6848512,905.614633532846,746.89,0.21,0.0,0.0,0.0065054320730268955,122.55436706542969,5.718562126159668,120.05640721321106,1.346188524590164,0.006923770491803278,0.00020771311475409836,1.3359154853900141
419,6864896,950.9773807693193,791.14,0.135,0.0,0.0,-0.0275601577013731,82.33167266845703,5.728899002075195,120.32450079917908,1.3458196721311475,0.00691639344262295,0.00020749180327868852,1.3335950495212403
420,6881280,964.3092952451578,805.76,0.095,0.0,0.0,0.01090823020786047,132.4608154296875,5.732809543609619,120.58861112594604,1.345450819672131,0.006909016393442623,0.00020727049180327867,1.3317288073722662
421,6897664,965.1673152910289,806.685,0.095,0.0,0.0,-0.019124731421470642,97.66502380371094,5.73300313949585,120.85688614845276,1.3450819672131147,0.006901639344262295,0.00020704918032786885,1.3299933167106195
422,6914048,965.7995647745146,806.32,0.1,0.0,0.0,0.00922941043972969,110.272705078125,5.732401371002197,121.12351727485657,1.3447131147540983,0.0068942622950819675,0.00020682786885245903,1.3285042941208502
423,6930432,965.6752014355968,808.125,0.095,0.0,0.0,-0.010106396861374378,111.60716247558594,5.7313032150268555,121.39293646812439,1.344344262295082,0.00688688524590164,0.00020660655737704919,1.3268440821053564
424,6946816,970.6168752754152,813.04,0.09,0.0,0.0,-0.025008967146277428,72.85424041748047,5.728043079376221,121.65646648406982,1.3439754098360657,0.006879508196721311,0.00020638524590163934,1.3261490611500109
425,6963200,973.8537906917176,817.41,0.075,0.0,0.0,0.0124773308634758,127.34733581542969,5.7273454666137695,121.9246838092804,1.3436065573770493,0.006872131147540983,0.0002061639344262295,1.3263741461727587
426,6979584,977.1873378984143,821.38,0.065,0.0,0.0,-0.012244005687534809,130.304443359375,5.724234104156494,122.19123578071594,1.3432377049180328,0.006864754098360655,0.00020594262295081965,1.3274690927563109
427,6995968,976.9659839288986,821.38,0.065,0.0,0.0,0.02692108042538166,115.6998062133789,5.737624168395996,122.45330214500427,1.3428688524590164,0.006857377049180328,0.00020572131147540983,1.3283700903610411
428,7012352,964.4655636778375,809.35,0.085,0.0,0.0,-0.023202233016490936,74.14247131347656,5.732958793640137,122.71875476837158,1.3425,0.00685,0.0002055,1.3301988400441713
429,7028736,946.977501702739,793.45,0.11,0.0,0.0,-0.005156245548278093,114.68279266357422,5.729449272155762,122.98717737197876,1.3421311475409836,0.006842622950819672,0.00020527868852459013,1.3322490415376458
430,7045120,939.5359256241577,786.135,0.125,0.0,0.0,-0.013704588636755943,96.2437744140625,5.722073554992676,123.24898624420166,1.3417622950819672,0.006835245901639344,0.00020505737704918032,1.334252622159539
431,7061504,930.2751024989714,779.12,0.13,0.0,0.0,-0.0012045013718307018,81.76174926757812,5.711409568786621,123.51628422737122,1.3413934426229508,0.006827868852459016,0.0002048360655737705,1.3354239963764436
432,7077888,917.3626490969904,766.515,0.145,0.0,0.0,-0.008711695671081543,129.81527709960938,5.715389251708984,123.78570008277893,1.3410245901639344,0.006820491803278688,0.00020461475409836065,1.338357682509633
433,7094272,884.8837288152307,733.09,0.215,0.0,0.0,0.0024084453471004963,94.90350341796875,5.710296630859375,124.05418944358826,1.340655737704918,0.0068131147540983605,0.0002043934426229508,1.3422510033130077
434,7110656,848.5706281143545,695.76,0.285,0.0,0.0,0.007187900133430958,75.25029754638672,5.711373329162598,124.31870985031128,1.3402868852459016,0.006805737704918033,0.00020417213114754098,1.344767143230308
435,7127040,795.8074477710973,640.06,0.4,0.0,0.0,0.010263996198773384,73.99655151367188,5.716841220855713,124.58726763725281,1.3399180327868851,0.006798360655737704,0.00020395081967213114,1.3466581254316958
436,7143424,754.7952261073084,598.89,0.475,0.0,0.005,-0.015010256320238113,83.05632019042969,5.721441268920898,124.8567054271698,1.339549180327869,0.006790983606557377,0.0002037295081967213,1.346802898243751
437,7159808,725.6453321305313,569.245,0.535,0.0,0.005,0.02353842370212078,52.690181732177734,5.7132568359375,125.12562036514282,1.3391803278688525,0.006783606557377049,0.00020350819672131147,1.3459813695963507
438,7176192,712.0756159140755,553.94,0.575,0.0,0.005,-0.013534748926758766,52.936893463134766,5.7124528884887695,125.39119267463684,1.3388114754098361,0.006776229508196721,0.00020328688524590165,1.3443143019158195
439,7192576,719.681197146673,559.48,0.585,0.0,0.005,0.011051682755351067,89.00837707519531,5.714178562164307,125.6565613746643,1.3384426229508197,0.006768852459016393,0.0002030655737704918,1.3422041302234644
440,7208960,741.0681633275847,581.06,0.54,0.0,0.005,0.013433018699288368,121.3260726928711,5.7205610275268555,125.92297172546387,1.3380737704918033,0.0067614754098360656,0.00020284426229508196,1.3396531902977296
441,7225344,757.2122977147847,596.535,0.52,0.0,0.005,0.012116585858166218,103.52767944335938,5.730631351470947,126.18857073783875,1.337704918032787,0.006754098360655738,0.00020262295081967211,1.3385917991931504
442,7241728,771.4788910328061,612.39,0.485,0.0,0.005,-0.01106313057243824,85.66488647460938,5.729466438293457,126.4526720046997,1.3373360655737705,0.0067467213114754095,0.00020240163934426227,1.3370382750213008
443,7258112,785.3999549177789,627.175,0.46,0.0,0.005,-0.021636541932821274,80.47711181640625,5.715216159820557,126.72281837463379,1.336967213114754,0.006739344262295082,0.00020218032786885245,1.3351690277626052
444,7274496,803.209419630986,644.695,0.43,0.0,0.0,-0.010845108889043331,78.68629455566406,5.709343433380127,126.98885989189148,1.3365983606557377,0.006731967213114754,0.00020195901639344263,1.3337549857522213
445,7290880,830.3489896369642,668.99,0.41,0.0,0.0,-0.012632661499083042,65.78303527832031,5.715311050415039,127.25887155532837,1.3362295081967213,0.006724590163934426,0.00020173770491803276,1.3328342640408517
446,7307264,838.0446821487319,677.1,0.395,0.0,0.0,-0.0005139801651239395,69.47450256347656,5.711173057556152,127.53039026260376,1.3358606557377048,0.006717213114754098,0.00020151639344262294,1.332271898928407
447,7323648,831.4566797472842,670.015,0.415,0.0,0.0,-0.007537495344877243,91.51329040527344,5.7158637046813965,127.80401825904846,1.3354918032786887,0.006709836065573771,0.00020129508196721312,1.3316266626226234
448,7340032,811.9025972648416,650.16,0.455,0.0,0.0,0.022285951301455498,67.70451354980469,5.713422775268555,128.0713963508606,1.335122950819672,0.006702459016393443,0.00020107377049180327,1.331918961338962
449,7356416,825.0630077283862,663.765,0.42,0.0,0.0,-0.007586199790239334,122.10433197021484,5.72075891494751,128.33416771888733,1.3347540983606558,0.006695081967213115,0.00020085245901639342,1.3306915127957695
450,7372800,845.8687969011871,684.26,0.38,0.0,0.0,0.004910338204354048,145.34625244140625,5.7231292724609375,128.60164713859558,1.3343852459016394,0.006687704918032787,0.0002006311475409836,1.3298974251518703
451,7389184,856.3905031818925,695.135,0.355,0.0,0.0,0.011838275007903576,92.85296630859375,5.723475456237793,128.87337350845337,1.334016393442623,0.0066803278688524585,0.00020040983606557376,1.3302147309570176
452,7405568,871.9555758471229,710.81,0.325,0.0,0.0,0.012243946082890034,112.00991821289062,5.729545593261719,129.13859510421753,1.3336475409836066,0.006672950819672131,0.0002001885245901639,1.3301143106218927
453,7421952,891.8655345266014,730.0,0.29,0.0,0.0,-0.003616621717810631,145.41319274902344,5.733606338500977,129.40741229057312,1.3332786885245902,0.006665573770491803,0.0001999672131147541,1.3300289157950482
454,7438336,894.8260335784034,736.02,0.25,0.0,0.0,-0.02316039614379406,91.08433532714844,5.7331037521362305,129.67706060409546,1.3329098360655738,0.006658196721311476,0.00019974590163934427,1.331808441882929
455,7454720,913.6969960255868,757.25,0.195,0.0,0.0,-0.004428837448358536,116.19537353515625,5.730855941772461,129.94414925575256,1.3325409836065574,0.006650819672131148,0.00019952459016393443,1.3330167013235512
456,7471104,921.1751798392793,766.49,0.17,0.0,0.0,0.00015662005171179771,90.8647232055664,5.732805252075195,130.21135425567627,1.332172131147541,0.006643442622950819,0.00019930327868852458,1.3348053853932726
457,7487488,940.1386316283492,787.825,0.12,0.0,0.0,-0.011882439255714417,99.55480194091797,5.744762420654297,130.47904181480408,1.3318032786885245,0.006636065573770491,0.00019908196721311476,1.3364847275026057
458,7503872,961.2706555329547,809.89,0.075,0.0,0.0,-0.012153529562056065,101.2332763671875,5.744478225708008,130.75121593475342,1.3314344262295081,0.006628688524590164,0.00019886065573770492,1.3371631104410762
459,7520256,950.0432801802198,799.91,0.095,0.0,0.0,0.010518034920096397,117.12605285644531,5.755945682525635,131.02018547058105,1.3310655737704917,0.006621311475409836,0.00019863934426229507,1.3383160618587864
460,7536640,928.6070305168946,780.82,0.125,0.0,0.005,-0.016952328383922577,115.93839263916016,5.760432720184326,131.28660559654236,1.3306967213114755,0.006613934426229508,0.00019841803278688525,1.3387154635882936
461,7553024,889.4600958796157,740.665,0.21,0.0,0.005,-0.02446414716541767,55.214378356933594,5.764845848083496,131.55739903450012,1.3303278688524591,0.006606557377049181,0.0001981967213114754,1.3392185245332717
462,7569408,855.4285992533623,707.86,0.28,0.0,0.005,-0.0064139352180063725,58.9921760559082,5.78224515914917,131.82885837554932,1.3299590163934427,0.0065991803278688515,0.00019797540983606556,1.337723243007742
463,7585792,812.7661307776391,665.815,0.365,0.0,0.005,-0.004527644719928503,81.71372985839844,5.786187171936035,132.0965507030487,1.3295901639344263,0.006591803278688524,0.00019775409836065574,1.3337195598271108
464,7602176,792.8157960921264,646.85,0.4,0.0,0.005,-0.010686086490750313,73.22965240478516,5.7806549072265625,132.36256957054138,1.32922131147541,0.006584426229508196,0.0001975327868852459,1.3319728858829576
465,7618560,774.2175949248634,628.8,0.43,0.0,0.005,-0.0302747655659914,33.962310791015625,5.778572082519531,132.6305181980133,1.3288524590163935,0.006577049180327869,0.00019731147540983605,1.3298332239443693
466,7634944,771.1886616865871,626.355,0.44,0.0,0.005,0.0005812447052448988,124.36212921142578,5.77235221862793,132.9045033454895,1.328483606557377,0.006569672131147541,0.00019709016393442623,1.3283309123940432
467,7651328,749.1337999751798,603.385,0.49,0.0,0.0,0.002348738256841898,109.05137634277344,5.776079177856445,133.17298913002014,1.3281147540983607,0.006562295081967213,0.00019686885245901638,1.3287321218094745
468,7667712,737.7021660049936,592.46,0.505,0.0,0.0,-0.011921228840947151,60.98255920410156,5.778228759765625,133.43768620491028,1.3277459016393443,0.006554918032786885,0.00019664754098360653,1.329301217142661
469,7684096,721.3927652253203,577.085,0.515,0.0,0.0,-0.022414296865463257,53.06067657470703,5.77532434463501,133.7068636417389,1.3273770491803278,0.006547540983606557,0.00019642622950819671,1.3310969405944937
470,7700480,737.4576681509061,591.505,0.5,0.0,0.0,-0.002484430093318224,73.97351837158203,5.7692461013793945,133.97575664520264,1.3270081967213114,0.006540163934426229,0.0001962049180327869,1.3334916458158939
471,7716864,733.4861839091769,583.185,0.535,0.0,0.0,-0.01049613207578659,55.84212112426758,5.766620635986328,134.24287295341492,1.326639344262295,0.006532786885245901,0.00019598360655737705,1.3348712021519893
472,7733248,741.6581072039021,590.685,0.525,0.0,0.0,-0.011158833280205727,67.27810668945312,5.769036769866943,134.50866675376892,1.3262704918032786,0.006525409836065574,0.0001957622950819672,1.335180550300774
473,7749632,745.1941392783144,593.3,0.515,0.0,0.0,0.00011415360495448112,130.825439453125,5.772972106933594,134.77867126464844,1.3259016393442624,0.006518032786885245,0.00019554098360655738,1.3356242386643251
474,7766016,761.904219539861,610.37,0.48,0.0,0.005,-0.013350056484341621,105.92646789550781,5.770328521728516,135.04636192321777,1.325532786885246,0.006510655737704918,0.00019531967213114754,1.3343623991585176
475,7782400,785.5904430659649,632.75,0.445,0.0,0.005,-0.011266710236668587,95.8278579711914,5.770586967468262,135.3135485649109,1.3251639344262296,0.00650327868852459,0.0001950983606557377,1.332714445474373
476,7798784,811.3556552765236,658.91,0.39,0.0,0.005,-0.01826770231127739,103.70195007324219,5.775520324707031,135.5797154903412,1.3247950819672132,0.006495901639344262,0.00019487704918032787,1.330572538374052
477,7815168,844.2311528910526,692.445,0.325,0.0,0.005,-0.003279568627476692,100.1944580078125,5.768927097320557,135.8495752811432,1.3244262295081968,0.006488524590163934,0.00019465573770491805,1.3287055664311456
478,7831552,881.7579594784926,729.0,0.26,0.0,0.005,-0.0009788665920495987,127.75039672851562,5.7742085456848145,136.11667108535767,1.3240573770491804,0.0064811475409836065,0.00019443442622950818,1.3266525475908315
479,7847936,905.1304667248719,753.53,0.2,0.0,0.005,-0.007897323928773403,107.22700500488281,5.779577732086182,136.3807806968689,1.323688524590164,0.006473770491803279,0.00019421311475409836,1.324122944642931
480,7864320,911.3724203170717,760.165,0.175,0.0,0.005,0.009272008202970028,119.70201873779297,5.785585403442383,136.64629769325256,1.3233196721311475,0.00646639344262295,0.0001939918032786885,1.321093118845625
481,7880704,929.9588993669408,779.05,0.14,0.0,0.005,-0.006118868477642536,93.92953491210938,5.7898268699646,136.91671442985535,1.3229508196721311,0.006459016393442623,0.00019377049180327867,1.318119074347292
482,7897088,928.7680645663268,778.19,0.145,0.0,0.005,-0.013241413049399853,105.46619415283203,5.789402008056641,137.18677186965942,1.3225819672131147,0.006451639344262295,0.00019354918032786885,1.3152426216133
483,7913472,913.3776269400358,761.715,0.18,0.0,0.0,-0.009521069005131721,104.19933319091797,5.785713195800781,137.45742082595825,1.3222131147540983,0.006444262295081967,0.00019332786885245903,1.3128843041510725
484,7929856,896.497707728004,746.265,0.2,0.0,0.005,-0.005788525100797415,102.74002075195312,5.779622554779053,137.7234935760498,1.321844262295082,0.006436885245901639,0.00019310655737704916,1.3117470383422765
485,7946240,883.6099585175448,734.495,0.22,0.0,0.01,-0.00383058562874794,93.8074951171875,5.7733354568481445,137.99240469932556,1.3214754098360655,0.0064295081967213116,0.00019288524590163934,1.311277796326366
486,7962624,879.0159968731858,728.545,0.24,0.0,0.01,-0.009764721617102623,110.7070083618164,5.776761054992676,138.2618067264557,1.3211065573770493,0.006422131147540984,0.00019266393442622952,1.310351439549232
487,7979008,869.3594542786933,720.385,0.255,0.0,0.015,-0.018621325492858887,84.56497192382812,5.776801586151123,138.53023672103882,1.3207377049180329,0.0064147540983606555,0.00019244262295081967,1.3096609423360608
488,7995392,862.9619065379884,715.425,0.26,0.0,0.015,-0.01046611089259386,121.2845687866211,5.764655590057373,138.7991063594818,1.3203688524590165,0.006407377049180328,0.00019222131147540982,1.3094353668567849
489,8011776,864.9801431325994,718.76,0.255,0.0,0.02,-0.010387241840362549,84.51408386230469,5.76439094543457,139.0679051876068,1.32,0.0063999999999999994,0.000192,1.3101990451169194
490,8028160,857.1772041347668,711.92,0.255,0.0,0.02,-0.01654212921857834,83.26579284667969,5.76319694519043,139.3355758190155,1.3196311475409837,0.006392622950819672,0.00019177868852459016,1.3115309505602868
491,8044544,857.0719510790808,713.525,0.245,0.0,0.025,-0.027758019044995308,94.26225280761719,5.763288497924805,139.6005983352661,1.3192622950819672,0.006385245901639344,0.0001915573770491803,1.3131745029264676
492,8060928,859.8189072345567,717.45,0.24,0.0,0.025,-0.014439962804317474,101.18689727783203,5.757210731506348,139.8683500289917,1.3188934426229508,0.006377868852459017,0.0001913360655737705,1.3140038608691293
493,8077312,866.7506777647217,723.81,0.23,0.0,0.025,-0.028371291235089302,87.75712585449219,5.7590718269348145,140.13429713249207,1.3185245901639344,0.006370491803278689,0.00019111475409836067,1.314345941657694
494,8093696,848.110162561338,705.72,0.25,0.0,0.025,0.008317545056343079,91.62030792236328,5.759607315063477,140.39854216575623,1.318155737704918,0.00636311475409836,0.0001908934426229508,1.316102567338826
495,8110080,821.7665256860905,679.76,0.29,0.0,0.025,-0.0017272718250751495,128.04153442382812,5.75150203704834,140.66451835632324,1.3177868852459016,0.006355737704918032,0.00019067213114754098,1.3197666251390672
496,8126464,798.6519273720583,655.19,0.335,0.0,0.025,-0.005612732842564583,92.86192321777344,5.750725746154785,140.9324119091034,1.3174180327868852,0.0063483606557377045,0.00019045081967213113,1.3225037492651623
497,8142848,787.0471099211043,640.96,0.37,0.0,0.02,0.011351587250828743,56.26761245727539,5.738990783691406,141.19858980178833,1.317049180327869,0.006340983606557377,0.0001902295081967213,1.3232681779048068
498,8159232,764.6167206440739,613.075,0.455,0.0,0.015,-0.010337740182876587,59.300384521484375,5.740131855010986,141.468763589859,1.3166803278688524,0.006333606557377049,0.00019000819672131147,1.323634614874664
499,8175616,733.6793414542443,582.47,0.505,0.0,0.02,0.005662573967128992,100.02041625976562,5.743066310882568,141.73587894439697,1.3163114754098362,0.006326229508196722,0.00018978688524590165,1.324796185694468
500,8192000,696.1349779703093,544.895,0.575,0.0,0.015,-0.012878382578492165,40.282798767089844,5.737892150878906,142.00754570960999,1.3159426229508198,0.006318852459016392,0.00018956557377049178,1.3259281113924175
501,8208384,694.0750134653048,542.135,0.59,0.0,0.015,-0.007938001304864883,70.11695861816406,5.735052585601807,142.27608919143677,1.3155737704918034,0.006311475409836065,0.00018934426229508196,1.3234990710676735
502,8224768,709.8585090259585,555.935,0.585,0.0,0.01,-0.006992043927311897,73.1738510131836,5.734504699707031,142.5398337841034,1.315204918032787,0.006304098360655737,0.00018912295081967214,1.3212265401812227
503,8241152,719.709819786856,565.025,0.585,0.0,0.01,-0.006849852856248617,73.33940124511719,5.73617696762085,142.80869460105896,1.3148360655737705,0.00629672131147541,0.0001889016393442623,1.3192858473344131
504,8257536,746.1957151867273,591.14,0.55,0.0,0.01,0.003976989537477493,103.45220947265625,5.73674201965332,143.0768895149231,1.3144672131147541,0.006289344262295082,0.00018868032786885245,1.317453864956185
505,8273920,766.9008350782204,613.665,0.5,0.0,0.01,-0.0009644869714975357,105.51539611816406,5.743190288543701,143.34507870674133,1.3140983606557377,0.0062819672131147536,0.00018845901639344263,1.316737288743587
506,8290304,798.8250034037328,648.16,0.425,0.0,0.01,-0.012176703661680222,121.94347381591797,5.747747421264648,143.61121821403503,1.3137295081967213,0.006274590163934426,0.00018823770491803278,1.316707032909224
507,8306688,809.544395419173,660.425,0.39,0.0,0.01,0.03219243511557579,107.48518371582031,5.747298717498779,143.87956404685974,1.3133606557377049,0.0062672131147540975,0.00018801639344262293,1.3167480010608597
508,8323072,843.4610316724472,697.17,0.32,0.0,0.01,-0.017202043905854225,105.3152847290039,5.75112247467041,144.1478087902069,1.3129918032786885,0.00625983606557377,0.00018779508196721311,1.3167925218353298
509,8339456,892.4847443711295,746.87,0.24,0.0,0.005,-0.0015503664035350084,111.6700439453125,5.755236625671387,144.41164469718933,1.312622950819672,0.006252459016393442,0.0001875737704918033,1.3140695465289916
510,8355840,915.1621714624451,772.595,0.18,0.0,0.005,-0.0024925507605075836,104.11480712890625,5.748035907745361,144.6774604320526,1.3122540983606559,0.006245081967213115,0.00018735245901639345,1.313947391337972
511,8372224,946.3983098896794,805.06,0.12,0.0,0.0,-0.013310397043824196,124.40870666503906,5.754911422729492,144.94890522956848,1.3118852459016392,0.006237704918032787,0.0001871311475409836,1.3140355662623788
512,8388608,955.0643566602052,815.355,0.095,0.0,0.0,-0.002857212908565998,77.79708862304688,5.770282745361328,145.2187077999115,1.311516393442623,0.006230327868852459,0.00018690983606557376,1.314001206997262
513,8404992,968.7409392634939,829.52,0.065,0.0,0.0,-0.006734531372785568,111.66212463378906,5.777284145355225,145.48599910736084,1.3111475409836066,0.006222950819672131,0.0001866885245901639,1.3147515726148595
514,8421376,967.6309093856836,829.45,0.055,0.0,0.0,-0.004734257236123085,101.21282196044922,5.777520656585693,145.75141716003418,1.3107786885245902,0.006215573770491803,0.0001864672131147541,1.3152139118919113
515,8437760,969.4634340160801,831.56,0.05,0.0,0.0,0.004933134187012911,122.85807037353516,5.784805774688721,146.01913404464722,1.3104098360655738,0.006208196721311475,0.00018624590163934427,1.314994078838786
516,8454144,964.9865712792961,827.47,0.05,0.0,0.005,-0.016450023278594017,111.31787109375,5.788547992706299,146.28534197807312,1.3100409836065574,0.006200819672131147,0.0001860245901639344,1.314930819991198
517,8470528,964.2470504028389,826.6,0.05,0.0,0.005,0.021126452833414078,110.36296081542969,5.8045148849487305,146.55094361305237,1.309672131147541,0.00619344262295082,0.00018580327868852458,1.3147713921703907
518,8486912,952.8222235658448,815.1,0.06,0.0,0.01,-0.007389207370579243,125.67166137695312,5.809187889099121,146.82077145576477,1.3093032786885246,0.006186065573770491,0.00018558196721311476,1.3146159216475053
519,8503296,950.9389496089581,811.095,0.07,0.0,0.01,0.01769452542066574,124.83120727539062,5.814881324768066,147.08935117721558,1.3089344262295082,0.006178688524590164,0.0001853606557377049,1.3150134784194978
520,8519680,935.7226174709975,796.73,0.085,0.0,0.015,-0.009212676435709,98.08729553222656,5.819980144500732,147.35762643814087,1.3085655737704918,0.006171311475409836,0.00018513934426229507,1.313321779547321
521,8536064,928.3046859025833,788.1,0.1,0.0,0.015,0.0015694336034357548,124.11727905273438,5.8212666511535645,147.62520551681519,1.3081967213114754,0.006163934426229508,0.00018491803278688525,1.3124498108239084
522,8552448,923.2206111997567,783.435,0.11,0.0,0.015,-0.018418561667203903,93.77445983886719,5.818082332611084,147.89285445213318,1.307827868852459,0.00615655737704918,0.0001846967213114754,1.3115817428999628
523,8568832,912.8387075448525,774.645,0.125,0.0,0.02,-0.02934536337852478,68.25287628173828,5.814182281494141,148.16232705116272,1.3074590163934428,0.0061491803278688525,0.00018447540983606555,1.3113393652763046
524,8585216,904.3829993060191,767.72,0.14,0.0,0.02,-0.016111446544528008,75.38080596923828,5.8033623695373535,148.42905449867249,1.3070901639344263,0.006141803278688525,0.00018425409836065574,1.310642541305253
525,8601600,897.4885218162688,760.675,0.16,0.0,0.015,0.002202387899160385,121.87448120117188,5.8048553466796875,148.7006754875183,1.30672131147541,0.006134426229508196,0.00018403278688524592,1.3097283477753252
526,8617984,888.7363664709169,753.21,0.17,0.0,0.015,-0.006454357411712408,106.48090362548828,5.818949222564697,148.9698679447174,1.3063524590163935,0.006127049180327869,0.00018381147540983607,1.3102009069062586
527,8634368,894.5413530405382,756.945,0.18,0.0,0.01,-0.006145791616290808,83.45425415039062,5.83337926864624,149.23751425743103,1.305983606557377,0.00611967213114754,0.00018359016393442622,1.3085977775991449
528,8650752,892.3360579150534,754.42,0.185,0.0,0.01,-0.010720958933234215,83.18875885009766,5.841825008392334,149.50678181648254,1.3056147540983607,0.006112295081967213,0.0001833688524590164,1.3081239479364228
529,8667136,893.0013334224006,751.355,0.21,0.0,0.005,0.0029774203430861235,119.8849868774414,5.842438697814941,149.7822027206421,1.3052459016393443,0.006104918032786885,0.00018314754098360656,1.3076574500255027
530,8683520,884.9508593308794,742.245,0.225,0.0,0.005,-0.0016022478230297565,110.43528747558594,5.850587368011475,150.0536594390869,1.3048770491803279,0.0060975409836065576,0.0001829262295081967,1.3080105725126483
531,8699904,883.8951877293055,739.925,0.235,0.0,0.005,-0.015059424564242363,79.18477630615234,5.845550537109375,150.32520413398743,1.3045081967213115,0.006090163934426229,0.0001827049180327869,1.3085279763348854
532,8716288,891.7778290326172,747.685,0.21,0.0,0.005,-0.008007779717445374,97.05184173583984,5.856167793273926,150.59319519996643,1.304139344262295,0.0060827868852459015,0.00018248360655737705,1.3072445032798787
533,8732672,903.7604437967169,756.58,0.205,0.0,0.0,0.011207297444343567,137.72268676757812,5.855616092681885,150.87035512924194,1.3037704918032786,0.006075409836065573,0.0001822622950819672,1.3065131273392958
534,8749056,894.2945641345551,747.81,0.21,0.0,0.005,-0.015278397127985954,82.87379455566406,5.861435890197754,151.14024806022644,1.3034016393442622,0.0060680327868852454,0.00018204098360655738,1.3071505740225573
535,8765440,894.8866145169864,747.645,0.22,0.0,0.005,0.0058538708835840225,113.16175079345703,5.860735893249512,151.408771276474,1.3030327868852458,0.006060655737704918,0.00018181967213114753,1.3070902846935855
536,8781824,900.3046260935109,753.23,0.205,0.0,0.005,-0.023327738046646118,90.26249694824219,5.852483749389648,151.67821621894836,1.3026639344262296,0.00605327868852459,0.0001815983606557377,1.3066317164837455
537,8798208,899.8069386739435,752.86,0.205,0.0,0.005,-0.006176937837153673,75.71282958984375,5.859709739685059,151.9498007297516,1.3022950819672132,0.006045901639344263,0.00018137704918032787,1.306935584092799
538,8814592,904.165407533693,761.4,0.175,0.0,0.01,-0.010422654449939728,140.75228881835938,5.860542297363281,152.24037265777588,1.3019262295081968,0.006038524590163934,0.00018115573770491802,1.3083672236452262
539,8830976,909.0597964008754,766.62,0.165,0.0,0.01,-0.01871052011847496,89.39376831054688,5.854389667510986,152.53663039207458,1.3015573770491804,0.006031147540983607,0.00018093442622950818,1.3096672547830355
540,8847360,915.4919958653985,773.08,0.165,0.0,0.01,-0.003167330054566264,75.61043548583984,5.850335121154785,152.83436369895935,1.301188524590164,0.006023770491803278,0.00018071311475409836,1.3112875056028088
541,8863744,924.4210331014865,783.285,0.14,0.0,0.01,0.02447882667183876,145.23374938964844,5.849045753479004,153.13511848449707,1.3008196721311476,0.0060163934426229505,0.00018049180327868854,1.3127917231500197
542,8880128,924.4020701618533,782.4,0.145,0.0,0.01,0.018495121970772743,121.5132064819336,5.846343040466309,153.42601466178894,1.3004508196721312,0.006009016393442623,0.0001802704918032787,1.3143970670732474
543,8896512,922.9883118719669,780.78,0.155,0.0,0.01,0.003626230638474226,98.07994079589844,5.861445903778076,153.72445011138916,1.3000819672131148,0.0060016393442622945,0.00018004918032786884,1.316351151351321
544,8912896,931.5245407354364,788.435,0.15,0.0,0.005,0.02659444883465767,109.50486755371094,5.860682487487793,154.01074028015137,1.2997131147540983,0.005994262295081967,0.00017982786885245903,1.3165841188697949
545,8929280,933.3928550390959,789.83,0.15,0.0,0.005,0.002018745057284832,91.06118774414062,5.864496231079102,154.30806183815002,1.299344262295082,0.005986885245901639,0.00017960655737704918,1.3167919423220171
546,8945664,930.6721568090668,784.455,0.175,0.0,0.005,-0.020946241915225983,101.42872619628906,5.869790077209473,154.59482741355896,1.2989754098360655,0.005979508196721311,0.00017938524590163933,1.3176030507109064
547,8962048,931.8466624530032,784.825,0.175,0.0,0.005,0.0054414644837379456,76.1124038696289,5.868870258331299,154.88707852363586,1.2986065573770493,0.005972131147540983,0.00017916393442622951,1.3168349580770562
548,8978432,937.464530867883,788.94,0.17,0.0,0.0,0.017357654869556427,135.5511474609375,5.869266986846924,155.1774287223816,1.2982377049180327,0.005964754098360656,0.0001789426229508197,1.3150076863133335
549,8994816,938.5509664831385,791.82,0.155,0.0,0.005,0.009240357205271721,122.989501953125,5.873028755187988,155.4614291191101,1.2978688524590165,0.005957377049180327,0.00017872131147540982,1.3126396522311683
550,9011200,942.4660837765086,795.495,0.145,0.0,0.005,-0.019724126905202866,87.51509094238281,5.873202323913574,155.76285457611084,1.2975,0.0059499999999999996,0.0001785,1.3091763319998357
551,9027584,935.994801841205,788.69,0.155,0.0,0.005,-0.018548328429460526,91.78150939941406,5.8717875480651855,156.05329632759094,1.2971311475409837,0.005942622950819672,0.00017827868852459016,1.306394932184993
552,9043968,943.1396142813231,795.935,0.145,0.0,0.005,0.005226973444223404,91.57585144042969,5.875306129455566,156.34267830848694,1.2967622950819673,0.005935245901639344,0.0001780573770491803,1.3038588243576148
553,9060352,944.4341861773486,797.715,0.135,0.0,0.005,-0.020003756508231163,98.85650634765625,5.87484073638916,156.63436651229858,1.2963934426229509,0.005927868852459016,0.0001778360655737705,1.3007712658860828
554,9076736,944.9667867567483,799.275,0.125,0.0,0.005,-0.0050865523517131805,110.39170837402344,5.872691631317139,156.93317556381226,1.2960245901639345,0.005920491803278688,0.00017761475409836064,1.2981528822003197
555,9093120,941.0982079446179,796.09,0.125,0.0,0.005,-0.016855716705322266,57.17988586425781,5.879153251647949,157.21619391441345,1.295655737704918,0.00591311475409836,0.00017739344262295082,1.297019070088553
556,9109504,937.821213244838,793.49,0.135,0.0,0.005,-0.022180257365107536,91.54081726074219,5.880455493927002,157.51313996315002,1.2952868852459016,0.005905737704918032,0.00017717213114754098,1.2957309753757165
557,9125888,934.600322707895,791.23,0.135,0.0,0.005,0.0026980703696608543,117.86687469482422,5.876009941101074,157.7945201396942,1.2949180327868852,0.005898360655737705,0.00017695081967213116,1.2950522754628955
558,9142272,906.6078688152288,763.25,0.195,0.0,0.0,-0.014450965449213982,72.20538330078125,5.875197887420654,158.08600521087646,1.2945491803278688,0.005890983606557377,0.0001767295081967213,1.2972511241287736
559,9158656,871.2700876051847,728.945,0.26,0.0,0.0,-0.01172790676355362,77.34658813476562,5.881240367889404,158.37858748435974,1.2941803278688524,0.0058836065573770495,0.00017650819672131147,1.3005139734482742
560,9175040,853.8852165090982,712.505,0.295,0.0,0.0,-0.01516374759376049,66.8252944946289,5.886178970336914,158.6740279197693,1.293811475409836,0.005876229508196721,0.00017628688524590162,1.3030791992810475
561,9191424,823.2596121698141,680.875,0.37,0.0,0.0,-0.006286107935011387,32.222564697265625,5.896468639373779,158.95845746994019,1.2934426229508196,0.005868852459016393,0.0001760655737704918,1.3078167192361194
562,9207808,814.4866104295372,672.225,0.4,0.0,0.0,-0.008360128849744797,100.8242416381836,5.891502857208252,159.25096464157104,1.2930737704918034,0.005861475409836065,0.00017584426229508195,1.3105942963792756
563,9224192,794.5006868346496,653.515,0.425,0.0,0.005,0.005547522567212582,78.94557189941406,5.890795707702637,159.54293847084045,1.292704918032787,0.005854098360655737,0.00017562295081967214,1.3134446046311417
564,9240576,792.885496004624,651.895,0.43,0.0,0.005,0.0074942447245121,95.83953857421875,5.8934173583984375,159.83820843696594,1.2923360655737706,0.00584672131147541,0.0001754016393442623,1.3151133512724602
565,9256960,801.813117013182,660.375,0.42,0.0,0.005,0.018171075731515884,123.84951782226562,5.891836166381836,160.12697553634644,1.2919672131147542,0.005839344262295081,0.00017518032786885244,1.316260016271244
566,9273344,820.9300528805903,678.38,0.4,0.0,0.005,-0.002575388876721263,114.84187316894531,5.88858699798584,160.42235112190247,1.2915983606557377,0.005831967213114754,0.00017495901639344262,1.316863300961839
567,9289728,833.9284548957586,691.98,0.38,0.0,0.005,-0.0014794757589697838,76.29933166503906,5.883074760437012,160.7136127948761,1.2912295081967213,0.005824590163934426,0.00017473770491803278,1.3156236238302728
568,9306112,835.4984298154671,691.815,0.39,0.0,0.005,-0.02008872479200363,64.60157775878906,5.88260555267334,161.00727200508118,1.290860655737705,0.0058172131147540985,0.00017451639344262296,1.315218010545957
569,9322496,847.2394008921345,703.155,0.355,0.0,0.005,-0.02888673171401024,85.99154663085938,5.880467414855957,161.30121850967407,1.2904918032786885,0.00580983606557377,0.0001742950819672131,1.3112087489905904
570,9338880,824.4650278377408,679.965,0.39,0.0,0.005,-0.013437519781291485,46.39048767089844,5.886845111846924,161.60139918327332,1.290122950819672,0.005802459016393442,0.0001740737704918033,1.309716462369717
571,9355264,822.1551163770558,676.22,0.41,0.0,0.0,-0.007817460224032402,51.634552001953125,5.886063575744629,161.89001083374023,1.2897540983606557,0.005795081967213114,0.00017385245901639345,1.3074828643993193
572,9371648,831.3988967641876,685.13,0.39,0.0,0.0,0.007234587334096432,119.59173583984375,5.884319305419922,162.18383765220642,1.2893852459016393,0.005787704918032786,0.0001736311475409836,1.3060624794649567
573,9388032,827.6580093849828,681.72,0.39,0.0,0.0,-0.004371579736471176,73.43228149414062,5.886434555053711,162.4710772037506,1.289016393442623,0.005780327868852459,0.00017340983606557378,1.305346028991152
574,9404416,827.2370237376194,680.62,0.38,0.0,0.0,-0.026357043534517288,111.20231628417969,5.8824005126953125,162.75927758216858,1.2886475409836067,0.005772950819672131,0.00017318852459016393,1.3035759557376805
575,9420800,839.9256657732321,692.07,0.35,0.0,0.0,-0.0034918617457151413,85.82460021972656,5.880537033081055,163.04192757606506,1.2882786885245903,0.005765573770491804,0.00017296721311475411,1.30172435663292
576,9437184,852.8587773970805,705.33,0.315,0.0,0.005,-0.010068550705909729,151.10574340820312,5.881789207458496,163.33841371536255,1.2879098360655739,0.005758196721311475,0.00017274590163934424,1.2988952805190461
577,9453568,863.0918385018148,717.195,0.27,0.0,0.005,-0.014834940433502197,98.41124725341797,5.8852620124816895,163.63160514831543,1.2875409836065574,0.0057508196721311475,0.00017252459016393442,1.2980170984100838
578,9469952,888.5060439731825,743.945,0.21,0.0,0.005,-0.00220288522541523,130.89578247070312,5.8834333419799805,163.92850351333618,1.287172131147541,0.005743442622950819,0.00017230327868852458,1.2966245017643627
579,9486336,919.8266388863304,774.1,0.16,0.0,0.005,0.0067609744146466255,134.15585327148438,5.880211353302002,164.2151641845703,1.2868032786885246,0.0057360655737704914,0.00017208196721311476,1.2957376028763827
580,9502720,933.9363357460935,789.31,0.13,0.0,0.005,-0.012170691043138504,79.9687271118164,5.877796173095703,164.50494003295898,1.2864344262295082,0.005728688524590164,0.0001718606557377049,1.294569451973892
581,9519104,945.957903845899,802.145,0.1,0.0,0.005,-0.00010107713751494884,122.03286743164062,5.878586769104004,164.80226516723633,1.2860655737704918,0.005721311475409836,0.0001716393442622951,1.2944653847893801
582,9535488,940.9717558823681,798.075,0.1,0.0,0.01,0.02520950511097908,110.75897216796875,5.879046440124512,165.09680128097534,1.2856967213114754,0.005713934426229508,0.00017141803278688524,1.2940822404612085
583,9551872,944.7404242303612,803.31,0.09,0.0,0.01,-0.009726063348352909,98.62003326416016,5.875856399536133,165.38736486434937,1.285327868852459,0.00570655737704918,0.0001711967213114754,1.293030734957132
584,9568256,929.17461138216,793.32,0.09,0.0,0.025,-0.009824053384363651,164.26138305664062,5.876791000366211,165.6790156364441,1.2849590163934426,0.005699180327868853,0.00017097540983606558,1.293817986673188
585,9584640,924.3585699955689,789.115,0.1,0.0,0.025,-0.004297447390854359,81.17076110839844,5.877264022827148,165.97650265693665,1.2845901639344262,0.005691803278688524,0.00017075409836065573,1.294381826219453
586,9601024,929.4611425337347,794.74,0.095,0.0,0.02,-0.00933065079152584,138.39735412597656,5.876171112060547,166.2740502357483,1.28422131147541,0.0056844262295081965,0.0001705327868852459,1.296167413315255
587,9617408,928.5098990225487,794.74,0.095,0.0,0.02,0.0037516229785978794,96.88770294189453,5.876148223876953,166.5685715675354,1.2838524590163933,0.005677049180327868,0.00017031147540983607,1.2969672813664732
588,9633792,922.3054695913402,790.68,0.095,0.0,0.025,-0.0007504008244723082,115.96076965332031,5.872615814208984,166.86713814735413,1.2834836065573771,0.0056696721311475405,0.00017009016393442622,1.2982497982369705
589,9650176,926.6348312697545,796.18,0.08,0.0,0.025,0.0008315891027450562,123.8172607421875,5.870414733886719,167.16223335266113,1.2831147540983607,0.005662295081967213,0.0001698688524590164,1.299553535799368
590,9666560,929.3756021384818,797.98,0.08,0.0,0.025,-0.027281515300273895,49.975067138671875,5.86893367767334,167.45735621452332,1.2827459016393443,0.005654918032786885,0.00016964754098360656,1.3009575060280179
591,9682944,937.906652641564,807.44,0.055,0.0,0.025,0.0007501044310629368,138.0128936767578,5.8708648681640625,167.74784231185913,1.282377049180328,0.005647540983606557,0.00016942622950819674,1.3020368773105562
592,9699328,939.073752711197,809.085,0.05,0.0,0.025,0.013957051560282707,133.10293579101562,5.871514797210693,168.04499983787537,1.2820081967213115,0.005640163934426229,0.0001692049180327869,1.3036834103156318
593,9715712,938.471101201079,808.13,0.055,0.0,0.025,-0.004017960280179977,72.96438598632812,5.86981201171875,168.33576130867004,1.281639344262295,0.005632786885245901,0.00016898360655737704,1.3052892842488297
594,9732096,951.2784727659957,818.29,0.045,0.0,0.015,-0.012690778821706772,137.2274169921875,5.874981880187988,168.62969779968262,1.2812704918032787,0.005625409836065573,0.0001687622950819672,1.3063109265923316
595,9748480,954.3547254523536,821.335,0.04,0.0,0.015,-0.00648203119635582,87.19776153564453,5.878929615020752,168.91045570373535,1.2809016393442623,0.0056180327868852456,0.00016854098360655738,1.3068780348568174
596,9764864,959.7891347896142,825.755,0.03,0.0,0.015,0.006328136194497347,156.0478973388672,5.88426399230957,169.20711374282837,1.2805327868852459,0.005610655737704918,0.00016831967213114753,1.3075455170849393
597,9781248,960.7862710127284,825.755,0.03,0.0,0.015,-0.0057696932926774025,102.77127838134766,5.8830342292785645,169.49052381515503,1.2801639344262294,0.00560327868852459,0.0001680983606557377,1.3077959754776793
598,9797632,966.1497334293922,829.815,0.03,0.0,0.01,-0.016621313989162445,90.40168762207031,5.889031410217285,169.78283143043518,1.279795081967213,0.005595901639344262,0.00016787704918032787,1.307532441314931
599,9814016,970.6535465240586,833.935,0.02,0.0,0.01,-0.010038408450782299,127.52396392822266,5.886831283569336,170.08002400398254,1.2794262295081968,0.005588524590163934,0.00016765573770491802,1.3077274389988305
600,9830400,969.3625177187574,833.935,0.02,0.0,0.01,-0.018957873806357384,51.375709533691406,5.885828495025635,170.3738145828247,1.2790573770491804,0.005581147540983606,0.0001674344262295082,1.3073912110473385
601,9846784,972.9856941959854,838.13,0.01,0.0,0.01,0.0007103011012077332,133.529541015625,5.887287139892578,170.66377544403076,1.278688524590164,0.005573770491803278,0.00016721311475409835,1.3066221026820306
602,9863168,974.7213385879763,840.15,0.01,0.0,0.005,-0.028462201356887817,106.281005859375,5.89501428604126,170.9543092250824,1.2783196721311476,0.005566393442622951,0.00016699180327868853,1.30617517567998
603,9879552,974.1853562057738,841.105,0.005,0.0,0.005,-0.014173749834299088,72.75790405273438,5.885983943939209,171.24614143371582,1.2779508196721312,0.005559016393442622,0.0001667704918032787,1.3059293849436793
604,9895936,973.4063173545728,841.12,0.005,0.0,0.005,0.00830056145787239,139.56732177734375,5.877849578857422,171.54052186012268,1.2775819672131148,0.005551639344262295,0.00016654918032786884,1.3047421643145998
605,9912320,972.4271432003676,841.12,0.005,0.0,0.005,-0.0166806448251009,95.35906982421875,5.870491981506348,171.83417344093323,1.2772131147540984,0.005544262295081967,0.00016632786885245902,1.3041556010779123
606,9928704,966.728541439829,837.56,0.01,0.0,0.005,-0.004289234988391399,128.53704833984375,5.8651580810546875,172.13078093528748,1.276844262295082,0.005536885245901639,0.00016610655737704918,1.30305147733507
607,9945088,960.588236591531,834.275,0.015,0.0,0.005,-0.0015085488557815552,97.415283203125,5.860249996185303,172.42557525634766,1.2764754098360656,0.005529508196721311,0.00016588524590163936,1.3018283177501868
608,9961472,956.5270940738195,830.76,0.02,0.0,0.005,0.0006921261083334684,91.69961547851562,5.858158588409424,172.72261118888855,1.2761065573770491,0.005522131147540983,0.0001656639344262295,1.3005477203884608
609,9977856,951.625102848305,826.73,0.02,0.0,0.01,0.013075651600956917,161.49505615234375,5.863763809204102,173.0085105895996,1.2757377049180327,0.005514754098360655,0.00016544262295081966,1.2987244076745101
610,9994240,940.3073034842845,817.215,0.025,0.0,0.02,0.001697632484138012,79.45020294189453,5.867193222045898,173.3026466369629,1.2753688524590163,0.005507377049180327,0.00016522131147540985,1.2988972303081834
611,10010624,933.760153395363,812.24,0.03,0.0,0.025,-0.017526548355817795,99.24816131591797,5.8686394691467285,173.593763589859,1.275,0.0055,0.000165,1.298225674778409
612,10027008,924.0761421918172,802.145,0.045,0.0,0.03,-0.03268710896372795,125.20283508300781,5.863805770874023,173.8890197277069,1.2746311475409837,0.005492622950819672,0.00016477868852459015,1.296955680583593
613,10043392,917.3576365517408,794.565,0.07,0.0,0.03,-0.019604548811912537,63.93396759033203,5.860464572906494,174.17000436782837,1.2742622950819673,0.0054852459016393445,0.00016455737704918033,1.2956183107560555
614,10059776,909.5444465298864,784.89,0.095,0.0,0.03,-0.004637343343347311,97.3773422241211,5.865222930908203,174.46314239501953,1.273893442622951,0.005477868852459016,0.0001643360655737705,1.2955363789395193
615,10076160,901.2509995630083,776.24,0.11,0.0,0.035,-0.012170380912721157,97.14979553222656,5.879640102386475,174.7544891834259,1.2735245901639345,0.005470491803278688,0.00016411475409836067,1.2955495217288224
616,10092544,890.9283348510174,765.61,0.13,0.0,0.04,0.01605723612010479,136.00808715820312,5.8821563720703125,175.05100202560425,1.273155737704918,0.005463114754098361,0.00016389344262295082,1.2960287109867605
617,10108928,887.1313134186421,759.605,0.155,0.0,0.04,-0.00484178401529789,109.21843719482422,5.886487007141113,175.3440146446228,1.2727868852459017,0.005455737704918032,0.00016367213114754098,1.2966824551280975
618,10125312,858.582475814838,727.4,0.24,0.0,0.035,-0.017483659088611603,57.69992446899414,5.888504981994629,175.6422243118286,1.2724180327868853,0.005448360655737704,0.00016345081967213113,1.2969981743129915
619,10141696,860.2454231008078,725.265,0.26,0.0,0.025,-0.01802678406238556,73.20654296875,5.891949653625488,175.93656182289124,1.2720491803278688,0.005440983606557376,0.0001632295081967213,1.2961134731216832
620,10158080,859.4029381560107,722.53,0.27,0.0,0.025,-0.008207140490412712,72.5875244140625,5.897552967071533,176.2322735786438,1.2716803278688524,0.005433606557377049,0.00016300819672131146,1.2959323849626065
621,10174464,865.9082703959289,727.96,0.26,0.0,0.02,-0.02601836621761322,85.46748352050781,5.897717475891113,176.53357911109924,1.271311475409836,0.005426229508196721,0.00016278688524590164,1.295851891661962
622,10190848,878.2611287800235,739.27,0.23,0.0,0.015,-0.017922209575772285,127.02021026611328,5.894530296325684,176.8357391357422,1.2709426229508196,0.0054188524590163935,0.0001625655737704918,1.2965132596177935
623,10207232,881.8552245512817,742.68,0.22,0.0,0.015,-0.010832743719220161,87.0513916015625,5.8995819091796875,177.12066221237183,1.2705737704918034,0.005411475409836065,0.00016234426229508198,1.2965710498633047
624,10223616,875.9211499087426,735.63,0.24,0.0,0.01,0.01510354969650507,89.30848693847656,5.893832206726074,177.40954875946045,1.270204918032787,0.0054040983606557375,0.00016212295081967213,1.2969488833561291
625,10240000,886.0488924852808,743.64,0.225,0.0,0.005,-0.013450763188302517,130.2369384765625,5.888248443603516,177.7052505016327,1.2698360655737706,0.00539672131147541,0.0001619016393442623,1.2973102714928135
626,10256384,892.5417136858235,750.175,0.21,0.0,0.005,0.0022914609871804714,85.01117706298828,5.885006904602051,178.00250625610352,1.2694672131147542,0.005389344262295082,0.00016168032786885247,1.297087072982743
627,10272768,905.9695228524605,763.32,0.185,0.0,0.0,-0.014803173020482063,87.8272705078125,5.894698143005371,178.29690098762512,1.2690983606557378,0.005381967213114755,0.00016145901639344265,1.296368433210823
628,10289152,925.030479289034,785.97,0.125,0.0,0.005,0.006429165601730347,137.86709594726562,5.8985676765441895,178.58549332618713,1.2687295081967214,0.005374590163934425,0.00016123770491803277,1.2955843631173463
629,10305536,933.0528729458144,794.685,0.105,0.0,0.005,-0.015328674577176571,92.94584655761719,5.898028373718262,178.88306212425232,1.268360655737705,0.005367213114754098,0.00016101639344262293,1.29432381834021
630,10321920,914.7131533822629,776.7,0.14,0.0,0.005,-0.0014131732750684023,83.93167114257812,5.890674591064453,179.18062090873718,1.2679918032786885,0.00535983606557377,0.0001607950819672131,1.2934681707542586
631,10338304,905.5103460678906,767.845,0.16,0.0,0.005,-0.03521839529275894,92.38894653320312,5.8841094970703125,179.47164726257324,1.2676229508196721,0.0053524590163934425,0.00016057377049180326,1.291705623362205
632,10354688,893.6708611106744,755.335,0.19,0.0,0.005,-0.018094195052981377,86.4794921875,5.882918834686279,179.77059841156006,1.2672540983606557,0.005345081967213114,0.00016035245901639344,1.2890719227931735
633,10371072,886.7582942720753,747.92,0.205,0.0,0.005,0.005689546465873718,86.76543426513672,5.879042148590088,180.07214403152466,1.2668852459016393,0.0053377049180327865,0.0001601311475409836,1.2865825245976412
634,10387456,867.7882472361413,726.77,0.26,0.0,0.005,0.003553431946784258,94.43364715576172,5.877943515777588,180.37208247184753,1.266516393442623,0.005330327868852459,0.00015990983606557378,1.2836730831115983
635,10403840,835.3156659840746,693.045,0.33,0.0,0.005,0.005764414556324482,63.233089447021484,5.8783063888549805,180.66434240341187,1.2661475409836065,0.005322950819672131,0.00015968852459016393,1.2827837055456621
636,10420224,818.2168610466452,674.34,0.37,0.0,0.005,-0.008589322678744793,62.31260681152344,5.875064373016357,180.95819997787476,1.2657786885245903,0.005315573770491803,0.0001594672131147541,1.282513652983923
637,10436608,822.5315640277195,675.855,0.385,0.0,0.0,-0.02746107615530491,96.10074615478516,5.880558967590332,181.24735736846924,1.265409836065574,0.005308196721311475,0.00015924590163934427,1.2815840903287294
638,10452992,827.9834065421898,679.635,0.39,0.0,0.0,-0.004526638425886631,74.02816772460938,5.8777360916137695,181.5490517616272,1.2650409836065575,0.005300819672131148,0.00015902459016393445,1.281457216937822
639,10469376,841.3219921259334,690.895,0.375,0.0,0.0,-0.023892398923635483,87.48143005371094,5.876571178436279,181.8418161869049,1.264672131147541,0.005293442622950819,0.00015880327868852457,1.2807173690843856
640,10485760,845.9435950659288,695.06,0.375,0.0,0.0,-0.011008946225047112,97.63540649414062,5.873140335083008,182.13769507408142,1.2643032786885247,0.005286065573770491,0.00015858196721311475,1.2818044995244626
641,10502144,839.4128030349624,690.105,0.38,0.0,0.0,-0.015600206330418587,105.52827453613281,5.862000465393066,182.43489027023315,1.2639344262295082,0.005278688524590163,0.0001583606557377049,1.284775957611439
642,10518528,854.2783535336406,705.91,0.345,0.0,0.0,-0.007288839668035507,75.90608215332031,5.842522144317627,182.72105836868286,1.2635655737704918,0.0052713114754098355,0.0001581393442622951,1.2853759941242404
643,10534912,859.3021311712007,713.535,0.315,0.0,0.0,-0.0037838956341147423,97.31239318847656,5.825885772705078,183.0165410041809,1.2631967213114754,0.005263934426229508,0.00015791803278688524,1.286800166655424
644,10551296,883.6500813576504,741.69,0.245,0.0,0.0,0.01605498418211937,145.6457977294922,5.814033031463623,183.3134093284607,1.262827868852459,0.00525655737704918,0.00015769672131147542,1.2877143253759056
645,10567680,904.3974440814546,763.075,0.205,0.0,0.0,0.020524445921182632,117.16557312011719,5.814568519592285,183.60761380195618,1.2624590163934426,0.005249180327868852,0.00015747540983606558,1.2880205059554988
646,10584064,891.7222168951382,754.74,0.2,0.0,0.005,0.0034932191483676434,98.29573822021484,5.817821502685547,183.9053077697754,1.2620901639344262,0.005241803278688524,0.00015725409836065576,1.2904969849772192
647,10600448,894.3739565848472,760.44,0.175,0.0,0.005,-0.013521287590265274,99.42475891113281,5.810817718505859,184.19931960105896,1.2617213114754098,0.005234426229508197,0.0001570327868852459,1.291680145611085
648,10616832,898.6872722088016,765.29,0.165,0.0,0.005,-0.014625057578086853,105.91658020019531,5.8060383796691895,184.5005965232849,1.2613524590163934,0.005227049180327869,0.0001568114754098361,1.2909050087948024
649,10633216,898.8956475411865,766.865,0.155,0.0,0.005,-0.02519688569009304,77.36322784423828,5.8107452392578125,184.790185213089,1.2609836065573772,0.0052196721311475415,0.00015659016393442625,1.2900938422219788
650,10649600,903.9870441372751,771.845,0.135,0.0,0.005,0.006820566952228546,110.36238861083984,5.82171630859375,185.0836935043335,1.2606147540983605,0.005212295081967212,0.00015636885245901637,1.2884711118214047
651,10665984,902.6151289988461,769.705,0.145,0.0,0.01,0.0019654897041618824,129.84478759765625,5.820938587188721,185.38580536842346,1.2602459016393444,0.0052049180327868845,0.00015614754098360655,1.2861918559818986
652,10682368,886.227830639079,752.26,0.18,0.0,0.01,0.005075257737189531,92.63159942626953,5.8242506980896,185.68200063705444,1.259877049180328,0.005197540983606557,0.0001559262295081967,1.2824133667688473
653,10698752,836.8621503641418,700.065,0.285,0.0,0.01,-0.019498411566019058,55.79179382324219,5.82480525970459,185.98007321357727,1.2595081967213115,0.005190163934426229,0.0001557049180327869,1.2769121914692496
654,10715136,807.8461797748466,667.285,0.345,0.0,0.01,-0.009854275733232498,92.69651794433594,5.821632385253906,186.27754473686218,1.2591393442622951,0.005182786885245901,0.00015548360655737704,1.2697187162303225
655,10731520,755.9425653333738,616.715,0.42,0.0,0.01,0.015042662620544434,68.71476745605469,5.81791877746582,186.571875333786,1.2587704918032787,0.005175409836065573,0.00015526229508196722,1.2658008029860697
656,10747904,722.2110210955507,580.795,0.49,0.0,0.01,0.00267845019698143,103.65645599365234,5.82168436050415,186.88072276115417,1.2584016393442623,0.005168032786885246,0.00015504098360655737,1.2607844577026919
657,10764288,693.6675037273251,551.32,0.54,0.0,0.005,-0.01984485611319542,46.01900863647461,5.820066452026367,187.17810153961182,1.258032786885246,0.005160655737704918,0.00015481967213114756,1.2572471727114105
658,10780672,690.9492778488773,547.9,0.55,0.0,0.005,-0.009641194716095924,59.59376525878906,5.831307411193848,187.47724151611328,1.2576639344262295,0.0051532786885245905,0.0001545983606557377,1.2547685368901247
659,10797056,709.8311612062143,563.16,0.535,0.0,0.005,-0.00899249967187643,108.927490234375,5.837058067321777,187.77549743652344,1.257295081967213,0.005145901639344262,0.0001543770491803279,1.253122520285064
660,10813440,750.1714675118176,600.32,0.475,0.0,0.005,-0.006114307790994644,107.51191711425781,5.835153579711914,188.06261920928955,1.2569262295081969,0.005138524590163934,0.00015415573770491804,1.2521285144979162
661,10829824,765.9927872328581,614.71,0.455,0.0,0.0,-0.016654176637530327,49.18666458129883,5.843888282775879,188.35240054130554,1.2565573770491802,0.005131147540983606,0.0001539344262295082,1.2518775661547648
662,10846208,788.2830374930921,636.06,0.42,0.0,0.0,-0.020445359870791435,95.81868743896484,5.8438310623168945,188.64920830726624,1.256188524590164,0.005123770491803278,0.00015371311475409835,1.2520581416620578
663,10862592,838.2797745599511,684.25,0.34,0.0,0.0,-0.031078625470399857,125.62184143066406,5.844289302825928,188.94100856781006,1.2558196721311476,0.00511639344262295,0.00015349180327868853,1.2526651291361706
664,10878976,858.6392867489485,701.455,0.33,0.0,0.0,-0.0049790204502642155,50.090389251708984,5.852176666259766,189.2380666732788,1.2554508196721312,0.005109016393442622,0.00015327049180327869,1.2528764576778542
665,10895360,874.5689786978169,716.935,0.31,0.0,0.0,0.0005952860228717327,73.5860595703125,5.850386619567871,189.53245306015015,1.2550819672131148,0.005101639344262295,0.00015304918032786884,1.2535647873591937
666,10911744,912.0047756847684,753.55,0.245,0.0,0.0,0.0037749633193016052,145.7891082763672,5.850655555725098,189.82814478874207,1.2547131147540984,0.005094262295081967,0.00015282786885245902,1.2538318496329512
667,10928128,930.0457729711362,770.9,0.21,0.0,0.0,-0.010330777615308762,96.24163818359375,5.846370697021484,190.1191725730896,1.254344262295082,0.0050868852459016395,0.00015260655737704917,1.2540589974172476
668,10944512,936.0200742669014,776.57,0.205,0.0,0.0,0.0003884236793965101,98.6596908569336,5.846929550170898,190.42012429237366,1.2539754098360656,0.005079508196721311,0.00015238524590163935,1.2545883080582072
669,10960896,949.7505165349742,792.745,0.16,0.0,0.0,-0.006914968602359295,123.36347961425781,5.842663764953613,190.70973896980286,1.2536065573770492,0.0050721311475409835,0.0001521639344262295,1.2537989118239745
670,10977280,949.2269294746369,793.315,0.155,0.0,0.0,-0.0063096024096012115,119.1836929321289,5.851241588592529,191.01077389717102,1.2532377049180328,0.005064754098360656,0.0001519426229508197,1.2531730063109137
671,10993664,953.6677053584842,800.595,0.12,0.0,0.005,0.005582577548921108,142.43756103515625,5.855709075927734,191.3097779750824,1.2528688524590164,0.005057377049180327,0.00015172131147540982,1.2528159569661688
672,11010048,953.9574843106426,801.25,0.115,0.0,0.005,-0.0021177881862968206,100.80403137207031,5.856023788452148,191.61051058769226,1.2525,0.005049999999999999,0.0001515,1.2528918658287396
673,11026432,963.7154667796794,810.97,0.1,0.0,0.005,-0.004056174773722887,118.54983520507812,5.858187675476074,191.90503430366516,1.2521311475409835,0.005042622950819671,0.00015127868852459015,1.2517839959642854
674,11042816,978.0514522750243,826.19,0.06,0.0,0.005,0.017488541081547737,103.77976989746094,5.866450309753418,192.2004520893097,1.2517622950819671,0.005035245901639344,0.00015105737704918033,1.2506592247844592
675,11059200,981.7788830337964,830.955,0.045,0.0,0.005,-0.02090591751039028,85.20144653320312,5.871440410614014,192.4923813343048,1.251393442622951,0.005027868852459016,0.00015083606557377048,1.249232753485792
676,11075584,984.5368726406836,834.645,0.025,0.0,0.005,0.0025565261021256447,146.54269409179688,5.867876052856445,192.79584860801697,1.2510245901639345,0.0050204918032786885,0.00015061475409836067,1.2478839147292795
677,11091968,985.5823547051915,836.63,0.025,0.0,0.005,0.005363481119275093,113.41294860839844,5.862988471984863,193.09821152687073,1.2506557377049181,0.00501311475409836,0.00015039344262295082,1.2462174668872226
678,11108352,982.6483312755055,834.71,0.025,0.0,0.005,-0.01642560586333275,99.5179214477539,5.862923622131348,193.39847707748413,1.2502868852459017,0.0050057377049180325,0.000150172131147541,1.2453996749056053
679,11124736,981.4564086259994,835.12,0.02,0.0,0.005,0.0033829044550657272,122.98715209960938,5.864069938659668,193.7011158466339,1.2499180327868853,0.004998360655737705,0.00014995081967213115,1.243755264016799
680,11141120,984.202317619776,838.9,0.015,0.0,0.005,-0.00541281420737505,114.03874969482422,5.87025785446167,193.99661684036255,1.2495491803278689,0.004990983606557377,0.00014972950819672133,1.2422977278819811
681,11157504,986.0087305817411,840.455,0.02,0.0,0.0,-0.017361216247081757,102.55278015136719,5.877015113830566,194.28844547271729,1.2491803278688525,0.004983606557377049,0.0001495081967213115,1.240697664690301
682,11173888,983.2847986905908,840.61,0.015,0.0,0.0,-0.0258652213960886,93.64974975585938,5.882702827453613,194.5746819972992,1.248811475409836,0.00497622950819672,0.00014928688524590161,1.2391595880184219
683,11190272,981.7979075497024,840.61,0.015,0.0,0.0,0.0031586503610014915,122.79598236083984,5.886510848999023,194.8726670742035,1.2484426229508196,0.004968852459016393,0.0001490655737704918,1.2380000883828455
684,11206656,972.6459162199843,833.78,0.025,0.0,0.0,0.01266290433704853,116.70391845703125,5.889663219451904,195.17596673965454,1.2480737704918032,0.004961475409836065,0.00014884426229508195,1.2372154420641732
685,11223040,966.2910680816399,830.16,0.03,0.0,0.0,0.0009159824112430215,82.43244934082031,5.893536567687988,195.47047662734985,1.2477049180327868,0.004954098360655737,0.00014862295081967213,1.2359353870929732
686,11239424,964.3531413330522,830.16,0.03,0.0,0.0,0.005474623292684555,124.19021606445312,5.8977861404418945,195.7721619606018,1.2473360655737706,0.004946721311475409,0.00014840163934426228,1.2354033864380147
687,11255808,960.7494627105133,828.31,0.035,0.0,0.0,0.0012432849034667015,106.18855285644531,5.897010803222656,196.06994032859802,1.246967213114754,0.0049393442622950815,0.00014818032786885246,1.2352113086235181
688,11272192,963.303683226909,832.17,0.03,0.0,0.0,-0.006615151185542345,88.47117614746094,5.899075984954834,196.37594556808472,1.2465983606557378,0.004931967213114754,0.00014795901639344262,1.234906526016485
689,11288576,962.1934795368048,832.17,0.03,0.0,0.0,0.012707488611340523,129.59808349609375,5.904952049255371,196.6584541797638,1.2462295081967214,0.004924590163934426,0.0001477377049180328,1.2351468340221823
690,11304960,961.9010742546654,831.61,0.035,0.0,0.0,-0.024814683943986893,84.3512954711914,5.904153823852539,196.9573109149933,1.245860655737705,0.004917213114754098,0.00014751639344262295,1.2358086336692715
691,11321344,961.9643568906573,831.23,0.04,0.0,0.0,-0.013974873349070549,109.69417572021484,5.895563125610352,197.2486608028412,1.2454918032786886,0.00490983606557377,0.00014729508196721313,1.235777149991642
692,11337728,958.6524264617517,827.9,0.045,0.0,0.0,0.010042568668723106,104.78265380859375,5.887454986572266,197.54938960075378,1.2451229508196722,0.004902459016393443,0.00014707377049180329,1.2365641213177028
693,11354112,958.8910027943322,827.9,0.045,0.0,0.0,-0.005651900544762611,87.1653823852539,5.882055282592773,197.84792256355286,1.2447540983606558,0.004895081967213114,0.00014685245901639344,1.236743918190224
694,11370496,964.8316841716445,834.73,0.035,0.0,0.0,0.01605074480175972,147.57568359375,5.884187698364258,198.1469705104828,1.2443852459016393,0.004887704918032786,0.0001466311475409836,1.2373448524446697
695,11386880,958.2649457586439,828.685,0.045,0.0,0.005,-0.016332406550645828,89.95563507080078,5.881802558898926,198.44576811790466,1.244016393442623,0.004880327868852458,0.00014640983606557377,1.2399501964216604
696,11403264,957.5193604737584,826.74,0.05,0.0,0.005,-0.029731176793575287,71.89793395996094,5.8789753913879395,198.73358964920044,1.2436475409836065,0.0048729508196721305,0.00014618852459016393,1.2409224012068025
697,11419648,955.4019909516866,824.51,0.05,0.0,0.005,-0.017045825719833374,125.19198608398438,5.87975549697876,199.02905654907227,1.2432786885245901,0.004865573770491803,0.0001459672131147541,1.242379010059805
698,11436032,947.7083728145903,815.445,0.075,0.0,0.005,0.011773979291319847,89.00306701660156,5.88318395614624,199.32545256614685,1.2429098360655737,0.004858196721311475,0.00014574590163934426,1.2440620321408877
699,11452416,931.4094305370809,793.685,0.145,0.0,0.005,-0.019891463220119476,70.76339721679688,5.878718376159668,199.62378883361816,1.2425409836065575,0.004850819672131147,0.00014552459016393444,1.2467284114879305
700,11468800,916.2201650938645,778.52,0.19,0.0,0.005,-0.0038973400369286537,70.50044250488281,5.882809162139893,199.91446042060852,1.2421721311475409,0.004843442622950819,0.0001453032786885246,1.2499077295908694
701,11485184,914.4240882549886,776.95,0.19,0.0,0.005,0.0018801786936819553,71.15481567382812,5.8829145431518555,200.21450686454773,1.2418032786885247,0.004836065573770492,0.00014508196721311478,1.2510784883662411
702,11501568,911.2386509496184,772.285,0.2,0.0,0.005,0.005608067847788334,136.71124267578125,5.883379936218262,200.51200246810913,1.2414344262295083,0.004828688524590164,0.00014486065573770493,1.2530641595068652
703,11517952,907.1995321959876,767.01,0.21,0.0,0.005,0.00019053288269788027,94.00016784667969,5.886237144470215,200.8112485408783,1.2410655737704919,0.0048213114754098365,0.00014463934426229509,1.2557317217683692
704,11534336,913.4726883172139,770.1,0.215,0.0,0.0,0.00038527045398950577,116.75730895996094,5.88676643371582,201.10771441459656,1.2406967213114755,0.004813934426229507,0.00014441803278688524,1.256907895820075
705,11550720,912.9741031218015,767.095,0.225,0.0,0.0,-0.004724008031189442,92.33297729492188,5.885714054107666,201.40097832679749,1.240327868852459,0.00480655737704918,0.0001441967213114754,1.258290217391052
706,11567104,914.2194611348887,767.22,0.225,0.0,0.0,-0.01849297061562538,102.14767456054688,5.885483741760254,201.69077038764954,1.2399590163934426,0.004799180327868852,0.00014397540983606557,1.2597080592582173
707,11583488,908.5042251738353,762.08,0.23,0.0,0.0,-0.03835918381810188,84.24601745605469,5.87915563583374,201.98244619369507,1.2395901639344262,0.004791803278688524,0.00014375409836065573,1.2600321841812496
708,11599872,907.599524113634,761.255,0.235,0.0,0.0,0.030217774212360382,87.07963562011719,5.869861602783203,202.2728409767151,1.2392213114754098,0.004784426229508196,0.0001435327868852459,1.2602957466056746
709,11616256,921.968603012157,778.165,0.175,0.0,0.0,-0.00956433080136776,134.9244384765625,5.863203048706055,202.57632994651794,1.2388524590163934,0.004777049180327868,0.00014331147540983606,1.2587726194558657
710,11632640,936.0219388309208,794.755,0.13,0.0,0.0,-0.004946570377796888,104.55634307861328,5.859189033508301,202.8758671283722,1.2384836065573772,0.004769672131147541,0.00014309016393442624,1.2581619528960382
711,11649024,929.0843578540309,792.015,0.12,0.0,0.005,-0.010265883058309555,124.20628356933594,5.856794834136963,203.17652106285095,1.2381147540983606,0.004762295081967213,0.0001428688524590164,1.2596913781294807
712,11665408,932.3817793966759,796.665,0.115,0.0,0.005,-0.004838826134800911,119.137451171875,5.853840351104736,203.4764347076416,1.2377459016393444,0.0047549180327868855,0.00014264754098360658,1.2587488964398
713,11681792,926.6791075651671,790.8,0.125,0.0,0.005,0.00179347675293684,100.3812484741211,5.860877990722656,203.76574778556824,1.237377049180328,0.004747540983606557,0.00014242622950819673,1.2563157471939481
714,11698176,915.0697864189854,783.445,0.12,0.0,0.01,0.008848706260323524,126.90338134765625,5.861635208129883,204.06358075141907,1.2370081967213116,0.0047401639344262295,0.0001422049180327869,1.2549871075890644
715,11714560,910.4831070814835,780.615,0.125,0.0,0.01,-0.015274468809366226,86.33509063720703,5.861663818359375,204.3319411277771,1.2366393442622952,0.004732786885245901,0.00014198360655737704,1.2525015704086093
716,11730944,911.6105425505081,781.035,0.135,0.0,0.01,0.01624654233455658,97.91647338867188,5.857004642486572,204.6277859210968,1.2362704918032787,0.004725409836065573,0.00014176229508196722,1.2508981777145953
717,11747328,897.9047212267902,767.6,0.155,0.0,0.01,-0.008042890578508377,101.89924621582031,5.8572893142700195,204.93225002288818,1.2359016393442623,0.004718032786885245,0.00014154098360655737,1.2497864689441343
718,11763712,874.4023061279785,742.99,0.2,0.0,0.01,-0.006894390098750591,99.66026306152344,5.861553192138672,205.22034740447998,1.235532786885246,0.004710655737704917,0.00014131967213114753,1.2491709094890493
719,11780096,846.5207658702691,712.355,0.26,0.0,0.01,0.009038353338837624,74.24302673339844,5.861913681030273,205.52194619178772,1.2351639344262295,0.00470327868852459,0.0001410983606557377,1.2473609622444706
720,11796480,826.2492584972472,689.525,0.315,0.0,0.015,0.004088997840881348,93.54090881347656,5.861261367797852,205.811283826828,1.234795081967213,0.004695901639344262,0.00014087704918032786,1.2462071253030402
721,11812864,816.961519556038,677.655,0.345,0.0,0.015,-0.01874571107327938,80.75450134277344,5.864351272583008,206.11320066452026,1.2344262295081967,0.004688524590163934,0.00014065573770491804,1.2446910157932858
722,11829248,811.6008056645868,669.59,0.375,0.0,0.01,-0.007799567189067602,77.26783752441406,5.868160247802734,206.41407704353333,1.2340573770491803,0.004681147540983606,0.0001404344262295082,1.2435109590652949
723,11845632,780.4698249015694,636.33,0.45,0.0,0.01,0.0031753182411193848,68.80819702148438,5.870409965515137,206.7132248878479,1.233688524590164,0.0046737704918032785,0.00014021311475409838,1.245024841265327
724,11862016,760.0848110577435,616.465,0.475,0.0,0.01,-0.007407140918076038,91.12446594238281,5.869234085083008,207.01884770393372,1.2333196721311475,0.004666393442622951,0.00013999180327868853,1.244049057666326
725,11878400,750.897468846062,608.46,0.48,0.0,0.01,-0.010379163548350334,63.18085861206055,5.863289833068848,207.3103792667389,1.2329508196721313,0.004659016393442623,0.0001397704918032787,1.2445038767153012
726,11894784,753.4068388344266,610.765,0.47,0.0,0.01,-0.013012336567044258,86.80427551269531,5.8554606437683105,207.61061811447144,1.2325819672131146,0.004651639344262294,0.00013954918032786884,1.2442346058851157
727,11911168,783.9459205750993,639.525,0.425,0.0,0.0,0.0012871436774730682,158.4987030029297,5.8534770011901855,207.91547846794128,1.2322131147540984,0.004644262295081966,0.00013932786885245902,1.2427943179115999
728,11927552,781.8526818446076,640.225,0.41,0.0,0.0,0.0007188040763139725,68.37886047363281,5.845870018005371,208.21180963516235,1.231844262295082,0.004636885245901639,0.00013910655737704917,1.2425392319137674
729,11943936,785.7361506306474,645.795,0.39,0.0,0.0,-0.003349975449964404,92.4158935546875,5.84219217300415,208.51040148735046,1.2314754098360656,0.004629508196721311,0.00013888524590163935,1.2437194783390195
730,11960320,796.8011411550775,658.375,0.355,0.0,0.0,-0.010292861610651016,125.77703857421875,5.839099407196045,208.8109359741211,1.2311065573770492,0.004622131147540983,0.0001386639344262295,1.2444978201414925
731,11976704,804.8448966463542,668.02,0.33,0.0,0.0,-0.01813286542892456,89.93179321289062,5.841501235961914,209.11539220809937,1.2307377049180328,0.004614754098360655,0.00013844262295081969,1.2454156246498487
732,11993088,809.8999122826004,674.395,0.31,0.0,0.0,-0.020817862823605537,67.32362365722656,5.833783149719238,209.40736436843872,1.2303688524590164,0.0046073770491803275,0.00013822131147540984,1.246892574540646
733,12009472,800.6570849462915,666.645,0.325,0.0,0.0,-0.011717932298779488,85.37930297851562,5.834352493286133,209.70654320716858,1.23,0.0046,0.00013800000000000002,1.2471794723298002
734,12025856,779.0797004193274,647.14,0.36,0.0,0.0,-0.001432131975889206,121.29821014404297,5.835638046264648,210.00341248512268,1.2296311475409836,0.004592622950819672,0.00013777868852459017,1.248502076027213
735,12042240,764.3245635090077,632.67,0.38,0.0,0.0,0.013482311740517616,36.32189178466797,5.831507682800293,210.2936704158783,1.2292622950819672,0.004585245901639344,0.00013755737704918035,1.2481757239117213
736,12058624,783.3822910503986,648.955,0.37,0.0,0.0,-0.00981564074754715,109.57408142089844,5.825572967529297,210.59592390060425,1.228893442622951,0.004577868852459016,0.0001373360655737705,1.2472925944806352
737,12075008,780.9739956259986,646.635,0.38,0.0,0.0,0.00587804988026619,109.20748901367188,5.822991371154785,210.8909695148468,1.2285245901639343,0.004570491803278688,0.00013711475409836064,1.2469301090165472
738,12091392,793.1870089032262,658.715,0.365,0.0,0.0,-0.014641383662819862,94.50650024414062,5.813637733459473,211.18652510643005,1.2281557377049181,0.00456311475409836,0.00013689344262295082,1.2452823921207161
739,12107776,799.862272394807,664.685,0.355,0.0,0.0,-5.2133575081825256e-05,94.81222534179688,5.808699131011963,211.4801619052887,1.2277868852459015,0.004555737704918032,0.00013667213114754097,1.2443330194673015
740,12124160,812.0182950719535,675.495,0.34,0.0,0.0,-0.007439325097948313,106.52904510498047,5.800331115722656,211.78354239463806,1.2274180327868853,0.004548360655737704,0.00013645081967213115,1.2425360605033893
741,12140544,827.8294380113376,691.355,0.31,0.0,0.0,-0.010601380839943886,80.55943298339844,5.788712024688721,212.0842297077179,1.227049180327869,0.0045409836065573765,0.0001362295081967213,1.2429560574943428
742,12156928,840.739703902473,705.72,0.27,0.0,0.01,0.0006806906312704086,129.3431854248047,5.781460762023926,212.372154712677,1.2266803278688525,0.004533606557377049,0.00013600819672131148,1.2438137400340148
743,12173312,863.4854864266956,727.215,0.23,0.0,0.01,-0.012348337098956108,141.29324340820312,5.77796745300293,212.6654052734375,1.226311475409836,0.004526229508196721,0.00013578688524590164,1.2436495629727289
744,12189696,894.6041016478342,759.005,0.175,0.0,0.01,-0.001760608982294798,107.21625518798828,5.779487609863281,212.96283888816833,1.2259426229508197,0.004518852459016393,0.00013556557377049182,1.2436745844986161
745,12206080,894.7346350141248,760.18,0.165,0.0,0.01,-0.018559500575065613,68.62957763671875,5.771553993225098,213.2631287574768,1.2255737704918033,0.004511475409836065,0.00013534426229508197,1.243823607526089
746,12222464,896.5651533132279,761.675,0.165,0.0,0.01,-0.011539513245224953,84.37338256835938,5.772368431091309,213.55772423744202,1.2252049180327869,0.004504098360655738,0.00013512295081967215,1.2443278563822502
747,12238848,886.5028037374273,750.655,0.18,0.0,0.01,0.009747589938342571,147.97824096679688,5.772706031799316,213.8571047782898,1.2248360655737707,0.00449672131147541,0.0001349016393442623,1.2445001542074894
748,12255232,867.6262263970716,732.055,0.205,0.0,0.01,-0.019479922950267792,70.3582534790039,5.780271530151367,214.15461564064026,1.224467213114754,0.004489344262295081,0.00013468032786885246,1.2460640720021254
749,12271616,859.1608692950214,722.73,0.23,0.0,0.01,-0.01767721399664879,80.96102142333984,5.779107093811035,214.45332050323486,1.2240983606557378,0.004481967213114753,0.00013445901639344261,1.247669865214202
750,12288000,853.19759510621,714.67,0.26,0.0,0.005,0.007846311666071415,104.76419830322266,5.7742390632629395,214.71873474121094,1.2237295081967212,0.004474590163934426,0.0001342377049180328,1.2471980607541298
751,12304384,843.576657370444,704.46,0.285,0.0,0.0,0.013404627330601215,84.6064453125,5.776617050170898,214.98726105690002,1.223360655737705,0.004467213114754098,0.00013401639344262295,1.248322938470681
752,12320768,829.9861033315916,689.155,0.32,0.0,0.0,-0.008349638432264328,109.78731536865234,5.780953407287598,215.2549204826355,1.2229918032786886,0.00445983606557377,0.00013379508196721313,1.2483158884271537
753,12337152,801.7009637838835,659.15,0.38,0.0,0.0,0.014683108776807785,93.55126190185547,5.776853561401367,215.52697229385376,1.2226229508196722,0.004452459016393442,0.00013357377049180328,1.2496571828608385
754,12353536,785.9942924780445,643.3,0.405,0.0,0.0,0.004061402752995491,52.64076614379883,5.770017623901367,215.79182624816895,1.2222540983606558,0.004445081967213114,0.00013335245901639346,1.250654924430007
755,12369920,783.4399958203616,640.955,0.415,0.0,0.0,0.031082110479474068,107.72012329101562,5.7651567459106445,216.05851340293884,1.2218852459016394,0.004437704918032787,0.00013313114754098362,1.2525051904262974
756,12386304,811.8830608363394,667.34,0.375,0.0,0.005,0.00045988638885319233,160.94952392578125,5.765146255493164,216.3305447101593,1.221516393442623,0.004430327868852459,0.00013290983606557377,1.252045699711167
757,12402688,809.1349009053675,665.035,0.37,0.0,0.005,-0.0003849891945719719,72.89067077636719,5.758113861083984,216.59668517112732,1.2211475409836066,0.0044229508196721315,0.00013268852459016395,1.2525159059924067
758,12419072,798.7277111069727,654.39,0.4,0.0,0.01,0.0021522268652915955,90.76009368896484,5.757932662963867,216.8666069507599,1.2207786885245901,0.004415573770491803,0.0001324672131147541,1.2525136001107076
759,12435456,818.1512104116769,672.535,0.365,0.0,0.01,0.018683506175875664,141.93930053710938,5.758453369140625,217.13876032829285,1.2204098360655737,0.004408196721311475,0.00013224590163934426,1.2509247012269313
760,12451840,830.8491216730058,684.84,0.34,0.0,0.01,-0.00014736270532011986,99.6220703125,5.758218765258789,217.406231880188,1.2200409836065573,0.004400819672131147,0.0001320245901639344,1.249903341685399
761,12468224,835.8830082071389,690.44,0.325,0.0,0.01,0.0033667823299765587,87.14083862304688,5.756039619445801,217.6733431816101,1.219672131147541,0.004393442622950819,0.0001318032786885246,1.2494986502670449
762,12484608,855.5461360715221,711.96,0.265,0.0,0.015,-0.004461850039660931,154.6670379638672,5.758334159851074,217.944317817688,1.2193032786885247,0.004386065573770491,0.00013158196721311475,1.24818185657172
763,12500992,862.8250006780315,719.68,0.235,0.0,0.015,-0.007383525837212801,111.34617614746094,5.756288051605225,218.21427202224731,1.218934426229508,0.004378688524590163,0.00013136065573770493,1.24582811215567
764,12517376,859.4867267895138,716.69,0.235,0.0,0.015,0.013956421986222267,65.49872589111328,5.760618209838867,218.4810860157013,1.218565573770492,0.004371311475409836,0.00013113934426229508,1.2453371143012613
765,12533760,867.1334503175626,724.19,0.22,0.0,0.01,-0.01522146724164486,136.37716674804688,5.762491226196289,218.74560165405273,1.2181967213114755,0.004363934426229508,0.00013091803278688526,1.2429474845568083
766,12550144,890.8046711835939,746.325,0.18,0.0,0.01,-0.008477584458887577,129.62298583984375,5.766801357269287,219.01370882987976,1.217827868852459,0.00435655737704918,0.00013069672131147542,1.2402999846840188
767,12566528,899.129100399123,754.44,0.16,0.0,0.005,-0.012238387018442154,59.72450637817383,5.762895107269287,219.2793505191803,1.2174590163934427,0.004349180327868852,0.0001304754098360656,1.2389858090163317
768,12582912,906.1402620061954,760.55,0.155,0.0,0.005,0.0012358562089502811,116.98548126220703,5.758176326751709,219.55462980270386,1.2170901639344263,0.0043418032786885245,0.00013025409836065575,1.2389778863953367
769,12599296,889.7633476708993,745.045,0.18,0.0,0.005,0.010466979816555977,144.58999633789062,5.7562384605407715,219.82393074035645,1.2167213114754099,0.004334426229508196,0.0001300327868852459,1.2404704798896602
770,12615680,892.1203301750386,746.03,0.19,0.0,0.005,-0.002090323716402054,82.16179656982422,5.744627952575684,220.0928077697754,1.2163524590163934,0.004327049180327868,0.00012981147540983606,1.2405585765559175
771,12632064,909.3857977694632,761.145,0.175,0.0,0.0,-0.021295540034770966,85.50831604003906,5.749148368835449,220.36066126823425,1.215983606557377,0.00431967213114754,0.00012959016393442624,1.239508116936884
772,12648448,906.5741197933269,758.11,0.19,0.0,0.0,0.022946417331695557,126.09871673583984,5.752704620361328,220.6314947605133,1.2156147540983606,0.004312295081967212,0.0001293688524590164,1.2410654777842214
773,12664832,900.8791238195383,751.74,0.215,0.0,0.0,-0.013858042657375336,114.64549255371094,5.746722221374512,220.90012407302856,1.2152459016393442,0.004304918032786885,0.00012914754098360655,1.2426968630764355
774,12681216,880.4624633549141,730.97,0.26,0.0,0.0,-0.013559028506278992,21.454936981201172,5.738353729248047,221.16831636428833,1.2148770491803278,0.004297540983606557,0.00012892622950819673,1.2439929938809515
775,12697600,868.2299277122914,718.19,0.3,0.0,0.0,0.03330034762620926,131.44467163085938,5.734641075134277,221.4362494945526,1.2145081967213116,0.004290163934426229,0.00012870491803278688,1.2461281539562885
776,12713984,851.1766247766238,700.455,0.34,0.0,0.0,-0.009289873763918877,59.120140075683594,5.735912799835205,221.7037694454193,1.2141393442622952,0.004282786885245901,0.00012848360655737706,1.2475308709682824
777,12730368,830.824138661595,681.435,0.36,0.0,0.0,0.0056286961771547794,100.52706909179688,5.739309310913086,221.97234654426575,1.2137704918032788,0.0042754098360655735,0.00012826229508196722,1.2483641934304093
778,12746752,827.239974624649,678.32,0.365,0.0,0.0,-0.01280498132109642,95.83938598632812,5.737771987915039,222.24120450019836,1.2134016393442624,0.004268032786885246,0.0001280409836065574,1.2475226681104672
779,12763136,827.8214576391772,679.96,0.36,0.0,0.0,0.004013627767562866,100.75970458984375,5.7350006103515625,222.50345635414124,1.213032786885246,0.004260655737704918,0.00012781967213114755,1.2474291264485635
780,12779520,822.2847007419011,675.555,0.36,0.0,0.005,-0.022638745605945587,81.67015075683594,5.7335710525512695,222.77170372009277,1.2126639344262296,0.004253278688524589,0.0001275983606557377,1.2477006880137762
781,12795904,809.5993007514594,666.0,0.365,0.0,0.01,0.007662858814001083,133.47178649902344,5.730557441711426,223.03846621513367,1.2122950819672131,0.004245901639344261,0.00012737704918032786,1.2478854471565197
782,12812288,825.3358749230293,681.85,0.325,0.0,0.01,0.019753603264689445,127.27565002441406,5.729081153869629,223.30771040916443,1.2119262295081967,0.004238524590163934,0.00012715573770491804,1.2469666684752958
783,12828672,820.0678990435017,676.435,0.335,0.0,0.01,-0.02063882164657116,50.09283447265625,5.729518890380859,223.57738614082336,1.2115573770491803,0.004231147540983606,0.0001269344262295082,1.2469780454495467
784,12845056,823.5331077037533,681.22,0.31,0.0,0.01,-0.016570383682847023,86.924560546875,5.727145671844482,223.84482288360596,1.211188524590164,0.004223770491803278,0.00012671311475409837,1.2460827600745825
785,12861440,855.6651359929654,711.61,0.265,0.0,0.01,0.005177100654691458,139.8930206298828,5.724437713623047,224.11588978767395,1.2108196721311475,0.00421639344262295,0.00012649180327868853,1.242820012546449
786,12877824,852.5516097787512,709.31,0.275,0.0,0.01,-0.019338438287377357,62.45494079589844,5.7226948738098145,224.38841581344604,1.2104508196721313,0.0042090163934426226,0.0001262704918032787,1.242613844674354
787,12894208,856.7108584744212,712.62,0.275,0.0,0.01,-0.018677890300750732,76.86052703857422,5.723082542419434,224.65441608428955,1.2100819672131147,0.004201639344262295,0.00012604918032786886,1.2415982018985203
788,12910592,850.01425031996,703.58,0.305,0.0,0.005,-0.011976435780525208,99.06935119628906,5.717552185058594,224.92397809028625,1.2097131147540985,0.004194262295081967,0.00012582786885245904,1.2406280647829946
789,12926976,848.676740216509,700.315,0.315,0.0,0.005,-0.008735129609704018,85.89263153076172,5.712436676025391,225.19221949577332,1.209344262295082,0.004186885245901639,0.0001256065573770492,1.239131806452183
790,12943360,853.8123064054781,702.385,0.325,0.0,0.0,-0.003415384329855442,79.842529296875,5.709601402282715,225.45564007759094,1.2089754098360657,0.004179508196721311,0.00012538524590163938,1.2370875335504405
791,12959744,868.8094976563539,716.495,0.31,0.0,0.0,-0.012213530950248241,86.47532653808594,5.70611572265625,225.7227909564972,1.2086065573770493,0.004172131147540983,0.0001251639344262295,1.2353770888752356
792,12976128,859.4634195984817,708.52,0.31,0.0,0.0,0.0034237978979945183,110.05337524414062,5.7038116455078125,225.9890284538269,1.2082377049180328,0.004164754098360655,0.00012494262295081966,1.2349328718589034
793,12992512,830.9176554932559,682.595,0.34,0.0,0.01,0.015470064245164394,139.9476318359375,5.704087734222412,226.25691652297974,1.2078688524590164,0.004157377049180327,0.00012472131147540984,1.2361244651825753
794,13008896,821.1858377121316,670.575,0.37,0.0,0.01,-0.0023956019431352615,58.342533111572266,5.6985883712768555,226.52468919754028,1.2075,0.004149999999999999,0.0001245,1.2369649092030996
795,13025280,801.9675942788261,652.75,0.4,0.0,0.01,-0.0006080726161599159,86.46659088134766,5.6856842041015625,226.79372596740723,1.2071311475409836,0.004142622950819672,0.00012427868852459017,1.2397022478705406
796,13041664,785.7317488775437,638.73,0.415,0.0,0.01,-0.005404144525527954,83.3370590209961,5.6800713539123535,227.06741333007812,1.2067622950819672,0.004135245901639344,0.00012405737704918032,1.2424494284086398
797,13058048,774.1545607431527,627.94,0.445,0.0,0.01,-0.004423017147928476,91.68919372558594,5.6739583015441895,227.33729434013367,1.2063934426229508,0.004127868852459016,0.0001238360655737705,1.2447461931614066
798,13074432,753.9291392902882,607.81,0.485,0.0,0.01,-0.009045508690178394,37.9889030456543,5.672126770019531,227.60374212265015,1.2060245901639344,0.004120491803278688,0.00012361475409836066,1.2474157348981523
799,13090816,738.0535265684538,592.12,0.525,0.0,0.01,0.018595708534121513,92.08417510986328,5.666320323944092,227.87023186683655,1.2056557377049182,0.00411311475409836,0.00012339344262295084,1.2501380400243454
800,13107200,753.8381737991415,607.075,0.515,0.0,0.0,-0.00032215332612395287,121.34626770019531,5.662688255310059,228.13635921478271,1.2052868852459016,0.004105737704918033,0.000123172131147541,1.250235160468337
801,13123584,760.3451151581351,612.375,0.52,0.0,0.0,0.002680812031030655,63.631126403808594,5.665304183959961,228.4028458595276,1.2049180327868854,0.004098360655737705,0.00012295081967213117,1.250159920655615
802,13139968,781.4056166135144,632.26,0.495,0.0,0.0,-6.370106711983681e-05,69.34949493408203,5.66575813293457,228.67037892341614,1.2045491803278687,0.004090983606557376,0.0001227295081967213,1.2481054726173093
803,13156352,800.4157212196332,651.355,0.45,0.0,0.005,-0.008294337429106236,143.71893310546875,5.663860321044922,228.93482971191406,1.2041803278688525,0.004083606557377048,0.00012250819672131148,1.2450936200470495
804,13172736,807.040482981054,657.345,0.44,0.0,0.005,-0.003955103922635317,77.75694274902344,5.6551971435546875,229.20052695274353,1.2038114754098361,0.004076229508196721,0.00012228688524590164,1.2424249946469148
805,13189120,801.4677127360306,652.285,0.435,0.0,0.005,0.011726554483175278,98.98258972167969,5.658311367034912,229.46567964553833,1.2034426229508197,0.004068852459016393,0.00012206557377049182,1.2410830668903117
806,13205504,813.9660315468587,666.25,0.39,0.0,0.01,-0.0067454432137310505,114.17179870605469,5.663750648498535,229.73537135124207,1.2030737704918033,0.004061475409836065,0.00012184426229508197,1.2379890196951697
807,13221888,814.0396901478784,667.555,0.38,0.0,0.01,-0.018636429682374,90.88180541992188,5.665107727050781,230.001886844635,1.202704918032787,0.004054098360655737,0.00012162295081967215,1.2355656457406505
808,13238272,812.3018652966996,664.485,0.39,0.0,0.015,-0.009515970014035702,94.22148132324219,5.663474082946777,230.270250082016,1.2023360655737705,0.004046721311475409,0.0001214016393442623,1.233149824846312
809,13254656,811.1887343298009,662.615,0.4,0.0,0.015,-0.0012555844150483608,56.494327545166016,5.658167839050293,230.53723216056824,1.201967213114754,0.004039344262295082,0.00012118032786885249,1.230661214810247
810,13271040,789.6555830842492,643.11,0.43,0.0,0.015,0.003492925316095352,77.6678466796875,5.6488566398620605,230.8045072555542,1.2015983606557379,0.004031967213114754,0.00012095901639344264,1.2313361077005978
811,13287424,763.6801082574526,616.225,0.5,0.0,0.01,0.0248166061937809,77.91183471679688,5.645353317260742,231.0694887638092,1.2012295081967213,0.004024590163934426,0.00012073770491803279,1.230834297881388
812,13303808,738.2004111708136,591.215,0.555,0.0,0.005,-0.008244669996201992,70.22633361816406,5.643395900726318,231.34128642082214,1.200860655737705,0.004017213114754098,0.00012051639344262297,1.2304380732231792
813,13320192,702.3148881793634,556.05,0.625,0.0,0.005,-0.016543518751859665,38.30499267578125,5.637479305267334,231.60977387428284,1.2004918032786884,0.00400983606557377,0.0001202950819672131,1.2322365304962717
814,13336576,713.8228018612068,564.1,0.635,0.0,0.0,0.00470535084605217,70.072265625,5.6364521980285645,231.87559747695923,1.2001229508196722,0.004002459016393442,0.00012007377049180328,1.2295337769851136
815,13352960,695.9877404843769,548.855,0.64,0.0,0.005,-0.013951119966804981,84.36581420898438,5.63246488571167,232.14712572097778,1.1997540983606558,0.003995081967213114,0.00011985245901639343,1.230605287436542
816,13369344,686.6710156927785,540.35,0.65,0.0,0.005,0.001482469029724598,68.64591979980469,5.63639497756958,232.41669130325317,1.1993852459016394,0.003987704918032786,0.00011963114754098362,1.2304756646207349
817,13385728,705.2457622504736,556.945,0.635,0.0,0.005,0.0024344269186258316,67.50578308105469,5.628270149230957,232.68941473960876,1.199016393442623,0.003980327868852458,0.00011940983606557377,1.2283653415234486
818,13402112,718.2975839953759,571.48,0.6,0.0,0.005,0.01056327298283577,99.62712860107422,5.62730598449707,232.95849800109863,1.1986475409836066,0.003972950819672131,0.00011918852459016395,1.227135391954269
819,13418496,751.0659634422301,601.11,0.555,0.0,0.005,-0.01103127934038639,107.82916259765625,5.6282758712768555,233.23129987716675,1.1982786885245902,0.003965573770491803,0.0001189672131147541,1.224061577940567
820,13434880,766.6667488375701,615.835,0.525,0.0,0.01,0.0008572665974497795,84.1574935913086,5.632680892944336,233.50358748435974,1.1979098360655738,0.003958196721311475,0.00011874590163934428,1.2232523515599454
821,13451264,782.993321509714,630.82,0.505,0.0,0.01,-0.005442298948764801,61.54253005981445,5.627575874328613,233.7744641304016,1.1975409836065574,0.003950819672131147,0.00011852459016393444,1.221935974768005
822,13467648,783.755950452212,632.09,0.49,0.0,0.01,-0.013440820388495922,76.10205078125,5.624490261077881,234.04604649543762,1.197172131147541,0.0039434426229508195,0.00011830327868852462,1.2215561101758545
823,13484032,810.6991688396872,656.35,0.455,0.0,0.005,0.027222245931625366,113.86322021484375,5.623285293579102,234.31847715377808,1.1968032786885248,0.003936065573770492,0.00011808196721311477,1.2191226138905733
824,13500416,833.527777136275,679.345,0.4,0.0,0.005,-0.01378912478685379,110.82523345947266,5.623870849609375,234.59373211860657,1.1964344262295081,0.003928688524590163,0.00011786065573770493,1.2178901525181218
825,13516800,856.987676789425,702.615,0.35,0.0,0.005,-0.002544400282204151,82.16290283203125,5.623104095458984,234.86472344398499,1.196065573770492,0.003921311475409835,0.00011763934426229508,1.21601165872887
826,13533184,868.2573533938192,714.97,0.305,0.0,0.005,-0.013538427650928497,134.60635375976562,5.621746063232422,235.13823246955872,1.1956967213114753,0.003913934426229507,0.00011741803278688523,1.2143409765274988
827,13549568,885.0209818942633,731.29,0.26,0.0,0.005,0.0016021383926272392,146.4720916748047,5.6218109130859375,235.41832637786865,1.1953278688524591,0.00390655737704918,0.00011719672131147541,1.213146733489431
828,13565952,888.4682084190691,734.955,0.25,0.0,0.005,0.006243831943720579,76.0218505859375,5.620217323303223,235.73629522323608,1.1949590163934427,0.003899180327868852,0.00011697540983606557,1.2130575491940874
829,13582336,908.01086456947,753.77,0.215,0.0,0.0,0.019152633845806122,155.61932373046875,5.616962432861328,236.1202461719513,1.1945901639344263,0.0038918032786885237,0.00011675409836065575,1.2101640535848193
830,13598720,931.2686633226704,779.015,0.15,0.0,0.005,-0.008560915477573872,110.97087097167969,5.615801811218262,236.50709652900696,1.1942213114754099,0.003884426229508196,0.0001165327868852459,1.208706529506896
831,13615104,942.6883291744043,790.1,0.13,0.0,0.005,0.015930788591504097,106.10797119140625,5.6157941818237305,236.8905918598175,1.1938524590163935,0.0038770491803278686,0.00011631147540983608,1.2069311707750856
832,13631488,951.065210827674,801.215,0.095,0.0,0.01,0.025975249707698822,167.41159057617188,5.61405086517334,237.2782690525055,1.193483606557377,0.003869672131147541,0.00011609016393442624,1.2063740888574488
833,13647872,926.2596115556534,779.615,0.125,0.0,0.015,-0.011347392573952675,120.25333404541016,5.6099443435668945,237.67065024375916,1.1931147540983607,0.0038622950819672134,0.00011586885245901642,1.2072911822489936
834,13664256,893.3894182036872,747.21,0.19,0.0,0.015,0.001554352231323719,73.50205993652344,5.604990005493164,238.0557405948639,1.1927459016393442,0.003854918032786885,0.00011564754098360657,1.208925914728894
835,13680640,874.7973305788131,729.54,0.225,0.0,0.02,-0.007638296112418175,94.18852233886719,5.603764533996582,238.44477915763855,1.1923770491803278,0.0038475409836065564,0.00011542622950819672,1.2111401797793184
836,13697024,857.1746285662838,711.905,0.265,0.0,0.02,0.028553999960422516,121.8465347290039,5.603824615478516,238.8194818496704,1.1920081967213114,0.003840163934426229,0.00011520491803278688,1.2113706448460848
837,13713408,853.0831867357157,708.345,0.27,0.0,0.02,-0.011152125895023346,99.6792221069336,5.600122451782227,239.2131371498108,1.191639344262295,0.0038327868852459012,0.00011498360655737706,1.2114417789909735
838,13729792,823.0053176569303,679.785,0.315,0.0,0.02,-0.012692341580986977,80.66886901855469,5.592660903930664,239.61774349212646,1.1912704918032788,0.0038254098360655728,0.00011476229508196721,1.2124855521674183
839,13746176,821.9743529342875,677.67,0.33,0.0,0.015,0.008310666307806969,107.39067077636719,5.5854949951171875,239.98930311203003,1.1909016393442622,0.003818032786885245,0.0001145409836065574,1.211651992129108
840,13762560,818.9647980926455,671.6,0.36,0.0,0.01,-0.017539264634251595,117.4846420288086,5.588598251342773,240.34756231307983,1.190532786885246,0.0038106557377049176,0.00011431967213114755,1.2097675410807316
841,13778944,820.103337511179,672.355,0.36,0.0,0.01,-0.01194007508456707,39.51317596435547,5.588258743286133,240.69113755226135,1.1901639344262296,0.00380327868852459,0.00011409836065573773,1.2088577298412588
842,13795328,822.4465801807088,674.315,0.355,0.0,0.01,0.0032140500843524933,95.61497497558594,5.5902509689331055,241.03957390785217,1.1897950819672132,0.0037959016393442624,0.00011387704918032788,1.2081865212552372
843,13811712,841.8326232654767,692.555,0.33,0.0,0.01,-0.028014374896883965,98.14681243896484,5.590212821960449,241.3815095424652,1.1894262295081968,0.003788524590163934,0.00011365573770491806,1.2057011103403628
844,13828096,824.8627716009727,675.48,0.35,0.0,0.005,-0.0026232292875647545,83.62275695800781,5.581953048706055,241.73533654212952,1.1890573770491804,0.0037811475409836063,0.00011343442622950822,1.2055358456858611
845,13844480,830.3113102738416,681.62,0.33,0.0,0.005,0.006409436464309692,109.24231719970703,5.579435348510742,242.08333921432495,1.188688524590164,0.0037737704918032787,0.0001132131147540984,1.2050688338663424
846,13860864,833.9965864882807,682.85,0.335,0.0,0.005,-0.007888196036219597,95.01802825927734,5.577077865600586,242.42241859436035,1.1883196721311475,0.0037663934426229503,0.00011299180327868852,1.2049407643443804
847,13877248,845.6857415017482,693.43,0.325,0.0,0.005,-0.007063989527523518,90.12142944335938,5.5706787109375,242.7621192932129,1.1879508196721311,0.003759016393442622,0.00011277049180327868,1.2044898955329908
848,13893632,855.3970348906537,701.575,0.315,0.0,0.005,0.03205796703696251,134.270263671875,5.56861686706543,243.1032989025116,1.1875819672131147,0.003751639344262294,0.00011254918032786886,1.203334796494191
849,13910016,857.3169744100658,704.175,0.305,0.0,0.005,-0.02213439717888832,86.47928619384766,5.568122863769531,243.45394134521484,1.1872131147540985,0.0037442622950819666,0.00011232786885245901,1.2043163743041776
850,13926400,861.4991040498401,706.985,0.31,0.0,0.0,-3.4090131521224976e-05,88.61599731445312,5.567040920257568,243.8006682395935,1.1868442622950819,0.003736885245901639,0.00011210655737704919,1.20395313727299
851,13942784,844.9189586056273,689.64,0.34,0.0,0.0,0.007250714581459761,107.33834838867188,5.568228721618652,244.14532327651978,1.1864754098360657,0.0037295081967213106,0.00011188524590163935,1.2057026025319093
852,13959168,844.3459970229269,687.955,0.355,0.0,0.0,0.0009029693901538849,57.66368103027344,5.567783832550049,244.4865345954895,1.1861065573770493,0.003722131147540983,0.00011166393442622953,1.2057371790067686
853,13975552,856.4316499659802,699.285,0.34,0.0,0.005,-0.0026875853072851896,113.93589782714844,5.566359519958496,244.83252930641174,1.1857377049180329,0.0037147540983606554,0.00011144262295081968,1.2037945261759482
854,13991936,846.7492858393318,690.37,0.355,0.0,0.005,-0.012939510866999626,80.09373474121094,5.558948516845703,245.17358899116516,1.1853688524590165,0.0037073770491803278,0.00011122131147540986,1.2039513784725042
855,14008320,845.5646093619807,688.55,0.365,0.0,0.005,-0.016043614596128464,72.1360855102539,5.552996635437012,245.52212858200073,1.185,0.0037,0.00011100000000000001,1.2039724029688172
856,14024704,849.18595389235,691.275,0.36,0.0,0.005,0.008230309002101421,120.07284545898438,5.550290107727051,245.86539816856384,1.1846311475409836,0.0036926229508196717,0.0001107786885245902,1.2040369247789184
857,14041088,858.3461446891903,700.29,0.34,0.0,0.005,-0.008262869901955128,107.98467254638672,5.552913665771484,246.20875573158264,1.1842622950819672,0.0036852459016393432,0.00011055737704918032,1.2035947678250967
858,14057472,871.8813927495561,712.41,0.32,0.0,0.005,0.006564837880432606,115.477783203125,5.555698394775391,246.55488991737366,1.1838934426229508,0.0036778688524590156,0.0001103360655737705,1.202677367838717
859,14073856,880.12905614902,720.46,0.3,0.0,0.005,0.006697680335491896,110.49292755126953,5.559426784515381,246.9018542766571,1.1835245901639344,0.003670491803278688,0.00011011475409836066,1.2019484825238373
860,14090240,904.3096464620945,744.845,0.25,0.0,0.005,-0.026475803926587105,92.421142578125,5.562551498413086,247.24949502944946,1.183155737704918,0.0036631147540983596,0.00010989344262295084,1.2008369389759468
861,14106624,905.2643251189578,748.015,0.225,0.0,0.005,0.014696929603815079,137.73016357421875,5.565122604370117,247.59760212898254,1.1827868852459016,0.003655737704918032,0.00010967213114754099,1.2004865535635176
862,14123008,920.2756690820423,763.75,0.19,0.0,0.005,-0.004362041130661964,81.96135711669922,5.56483268737793,247.94252681732178,1.1824180327868854,0.0036483606557377044,0.00010945081967213117,1.2000959057912077
863,14139392,935.1643317378579,779.675,0.16,0.0,0.0,0.00017960043624043465,129.31863403320312,5.568475246429443,248.2876853942871,1.1820491803278688,0.003640983606557377,0.00010922950819672133,1.1994145698165153
864,14155776,950.4812832761131,795.73,0.13,0.0,0.0,0.0025589317083358765,121.67347717285156,5.570291519165039,248.62339758872986,1.1816803278688526,0.003633606557377049,0.00010900819672131148,1.199338992797233
865,14172160,952.6447216511765,800.555,0.105,0.0,0.005,-0.0004063257947564125,124.61320495605469,5.571706295013428,248.97031807899475,1.1813114754098362,0.0036262295081967207,0.00010878688524590166,1.200676348342744
866,14188544,954.9056643816305,805.005,0.09,0.0,0.005,0.0001757349818944931,116.94676208496094,5.569302558898926,249.322772026062,1.1809426229508198,0.003618852459016393,0.00010856557377049181,1.2016934578915837
867,14204928,954.6945107155574,807.035,0.085,0.0,0.005,0.009181289933621883,88.07464599609375,5.562697410583496,249.65601420402527,1.1805737704918033,0.0036114754098360647,0.00010834426229508197,1.2023276376411758
868,14221312,959.2352151046761,815.365,0.055,0.0,0.005,-0.00012702681124210358,139.7991180419922,5.560321807861328,250.00511646270752,1.180204918032787,0.003604098360655737,0.00010812295081967212,1.2035992706396308
869,14237696,960.4805473572007,818.475,0.045,0.0,0.005,-0.025504177436232567,87.584716796875,5.560853481292725,250.3490445613861,1.1798360655737705,0.0035967213114754086,0.0001079016393442623,1.2045537394990977
870,14254080,958.1667116415608,819.59,0.035,0.0,0.005,-0.002996340859681368,124.24413299560547,5.5607590675354,250.68764424324036,1.179467213114754,0.003589344262295081,0.00010768032786885246,1.2058786740715874
871,14270464,960.7822377237524,824.485,0.02,0.0,0.01,-0.0008134013041853905,153.5128631591797,5.564739227294922,251.03238129615784,1.1790983606557377,0.0035819672131147534,0.00010745901639344264,1.2080860190761584
872,14286848,960.0476758647538,824.485,0.02,0.0,0.01,0.011426938697695732,77.47244262695312,5.56821870803833,251.38413429260254,1.1787295081967213,0.003574590163934426,0.00010723770491803279,1.2087224297704502
873,14303232,962.5651066516824,827.51,0.015,0.0,0.01,0.017945658415555954,151.43545532226562,5.564859390258789,251.72345733642578,1.1783606557377049,0.0035672131147540982,0.00010701639344262297,1.2090104222387785
874,14319616,963.1611148954429,827.51,0.015,0.0,0.01,0.008145280182361603,113.76505279541016,5.55618953704834,252.06938648223877,1.1779918032786885,0.0035598360655737698,0.00010679508196721312,1.2084649979365714
875,14336000,964.7493076474806,829.39,0.01,0.0,0.01,0.000997872557491064,93.0577621459961,5.553559303283691,252.41245102882385,1.1776229508196723,0.003552459016393442,0.0001065737704918033,1.208187731019196
876,14352384,972.7354407232949,836.635,0.005,0.0,0.005,-0.0002995487302541733,143.82623291015625,5.5529866218566895,252.75747728347778,1.1772540983606559,0.0035450819672131146,0.00010635245901639346,1.2054613424707141
877,14368768,973.7218926902834,836.635,0.005,0.0,0.005,0.002370287664234638,83.13719940185547,5.54522705078125,253.10410022735596,1.1768852459016395,0.003537704918032787,0.00010613114754098364,1.2045998068562795
878,14385152,974.1105785135063,836.635,0.005,0.0,0.005,-0.0008396152406930923,146.837646484375,5.541766166687012,253.44274187088013,1.1765163934426228,0.0035303278688524576,0.00010590983606557377,1.2024431708019465
879,14401536,974.6257368167784,836.635,0.005,0.0,0.005,-0.012933950871229172,92.00306701660156,5.538740158081055,253.78848004341125,1.1761475409836066,0.00352295081967213,0.00010568852459016392,1.2006000448096028
880,14417920,975.3093977986189,835.055,0.01,0.0,0.01,0.006199688650667667,123.0569076538086,5.538636207580566,254.14374613761902,1.1757786885245902,0.0035155737704918024,0.0001054672131147541,1.1989244057710216
881,14434304,976.5632783680564,835.055,0.01,0.0,0.01,-0.002826161216944456,131.38807678222656,5.526737213134766,254.49163460731506,1.1754098360655738,0.003508196721311475,0.00010524590163934425,1.1966401484472504
882,14450688,982.776774254888,839.17,0.01,0.0,0.005,-0.0030549559742212296,78.95442199707031,5.523241996765137,254.83736181259155,1.1750409836065574,0.0035008196721311472,0.00010502459016393443,1.1941805933494791
883,14467072,979.8150792374321,835.785,0.02,0.0,0.005,-0.01832490786910057,127.50079345703125,5.515277862548828,255.17779731750488,1.174672131147541,0.0034934426229508188,0.00010480327868852459,1.1927691912862426
884,14483456,964.7592478535032,821.64,0.045,0.0,0.005,-0.014072300866246223,94.02218627929688,5.50889778137207,255.51178455352783,1.1743032786885246,0.003486065573770491,0.00010458196721311477,1.1927683069310842
885,14499840,959.005169267762,815.375,0.055,0.0,0.005,-0.006088397465646267,80.59593963623047,5.502388954162598,255.86204481124878,1.1739344262295082,0.0034786885245901636,0.00010436065573770492,1.1925137089339288
886,14516224,949.1262515373813,805.135,0.075,0.0,0.005,-0.01495368406176567,114.95393371582031,5.498307704925537,256.2063407897949,1.173565573770492,0.003471311475409836,0.0001041393442622951,1.193185710536298
887,14532608,930.7950075991793,788.325,0.09,0.0,0.015,-0.011238876730203629,118.94009399414062,5.497294902801514,256.54546308517456,1.1731967213114753,0.0034639344262295084,0.00010391803278688526,1.196350243787947
888,14548992,914.1586913700053,770.47,0.12,0.0,0.015,-0.01797960326075554,94.5594482421875,5.493012428283691,256.88728618621826,1.1728278688524592,0.00345655737704918,0.00010369672131147544,1.1979912948820448
889,14565376,895.1443030595,750.975,0.16,0.0,0.01,-0.009224300272762775,116.25933837890625,5.487671852111816,257.2354233264923,1.1724590163934425,0.0034491803278688515,0.00010347540983606556,1.198268626044924
890,14581760,875.5652123859809,733.02,0.185,0.0,0.015,-0.0011011138558387756,127.89407348632812,5.489408493041992,257.5871911048889,1.1720901639344263,0.003441803278688524,0.00010325409836065575,1.1998422223974994
891,14598144,872.3239972100965,728.88,0.195,0.0,0.015,-0.0038214288651943207,68.1686782836914,5.488015174865723,257.92945766448975,1.17172131147541,0.0034344262295081963,0.0001030327868852459,1.1999355774447225
892,14614528,867.7461648722023,722.3,0.215,0.0,0.015,-0.022114604711532593,88.80827331542969,5.491796493530273,258.27426648139954,1.1713524590163935,0.003427049180327868,0.00010281147540983608,1.1988671604728005
893,14630912,861.2931058076257,714.2,0.23,0.0,0.02,-0.012041553854942322,142.3302001953125,5.492134094238281,258.6269075870514,1.170983606557377,0.00341967213114754,0.00010259016393442623,1.1988782224559493
894,14647296,841.9970506519932,694.72,0.265,0.0,0.02,-0.0007661348208785057,80.48095703125,5.490272521972656,258.9606580734253,1.1706147540983607,0.0034122950819672126,0.00010236885245901641,1.1993003036677106
895,14663680,819.9685964231742,668.445,0.345,0.0,0.015,-0.020914563909173012,31.82133674621582,5.484809875488281,259.30003595352173,1.1702459016393443,0.003404918032786885,0.00010214754098360657,1.1987586751229147
896,14680064,802.0024740604641,651.845,0.37,0.0,0.02,-0.017081141471862793,106.79863739013672,5.480419158935547,259.648948431015,1.1698770491803279,0.0033975409836065566,0.00010192622950819675,1.200026328073677
897,14696448,792.139262297873,639.015,0.415,0.0,0.02,-0.0029706889763474464,91.25689697265625,5.480850696563721,259.99740958213806,1.1695081967213115,0.003390163934426229,0.0001017049180327869,1.2008762108487923
898,14712832,775.5196029498533,620.945,0.46,0.0,0.015,0.012342426925897598,63.19887161254883,5.484307765960693,260.34393429756165,1.169139344262295,0.0033827868852459014,0.00010148360655737708,1.2015917592113368
899,14729216,777.0116417655674,620.775,0.47,0.0,0.015,-0.006705573294311762,92.4595947265625,5.485743999481201,260.6875216960907,1.1687704918032789,0.0033754098360655738,0.00010126229508196724,1.202200282677954
900,14745600,754.6024229779647,600.635,0.495,0.0,0.015,-0.012111833319067955,108.53773498535156,5.484895706176758,261.03823351860046,1.1684016393442622,0.0033680327868852444,0.00010104098360655736,1.2051326795519166
901,14761984,752.2792301993898,595.865,0.525,0.0,0.01,-0.027527794241905212,58.936973571777344,5.48240852355957,261.37864208221436,1.168032786885246,0.003360655737704917,0.00010081967213114754,1.2053768350521676
902,14778368,767.7099821802148,612.39,0.48,0.0,0.01,-0.018490877002477646,85.34730529785156,5.47651481628418,261.725736618042,1.1676639344262294,0.0033532786885245892,0.0001005983606557377,1.2056881980267529
903,14794752,801.6267749854037,643.67,0.435,0.0,0.0,-0.03852510079741478,85.49994659423828,5.467613220214844,262.07631826400757,1.1672950819672132,0.0033459016393442616,0.00010037704918032788,1.2025697508281477
904,14811136,802.1201058689392,643.415,0.44,0.0,0.0,-0.020714983344078064,81.94784545898438,5.46934700012207,262.4206476211548,1.1669262295081968,0.003338524590163934,0.00010015573770491803,1.2024676330817308
905,14827520,798.1419623775087,641.065,0.435,0.0,0.0,-0.01115674339234829,68.01787567138672,5.467282295227051,262.7669801712036,1.1665573770491804,0.0033311475409836056,9.993442622950821e-05,1.2023385961142246
906,14843904,816.2337954556538,658.125,0.41,0.0,0.0,0.008352291770279408,103.4845199584961,5.458634376525879,263.1135175228119,1.166188524590164,0.003323770491803278,9.971311475409837e-05,1.2012441221133576
907,14860288,814.6575599501547,657.39,0.41,0.0,0.0,-0.02277771383523941,67.14552307128906,5.463021278381348,263.44903206825256,1.1658196721311476,0.0033163934426229504,9.949180327868855e-05,1.2016087055334526
908,14876672,830.1772503130375,671.905,0.395,0.0,0.0,0.015585293993353844,129.3642578125,5.464931488037109,263.7916100025177,1.1654508196721312,0.003309016393442623,9.92704918032787e-05,1.2005994217772096
909,14893056,831.0808019110445,674.075,0.385,0.0,0.01,0.020246628671884537,109.65775299072266,5.4615349769592285,264.14248538017273,1.1650819672131147,0.003301639344262295,9.904918032786888e-05,1.2017963278613595
910,14909440,837.4811341004074,680.09,0.385,0.0,0.01,-0.013449890539050102,78.95391845703125,5.454953193664551,264.4780147075653,1.1647131147540983,0.0032942622950819667,9.882786885245904e-05,1.2008744071183821
911,14925824,810.8671973523908,656.485,0.415,0.0,0.015,-0.00604785792529583,103.76590728759766,5.4525556564331055,264.82709789276123,1.164344262295082,0.0032868852459016383,9.860655737704919e-05,1.2027131849949741
912,14942208,817.6292471639078,664.83,0.39,0.0,0.02,-0.007860369980335236,96.79131317138672,5.45096492767334,265.17332339286804,1.1639754098360655,0.0032795081967213107,9.838524590163934e-05,1.2034727137133796
913,14958592,832.9203619214796,679.76,0.37,0.0,0.02,0.016827929764986038,100.22286224365234,5.44211483001709,265.5160641670227,1.163606557377049,0.003272131147540983,9.816393442622952e-05,1.2028057142863389
914,14974976,852.6717271431287,699.505,0.335,0.0,0.02,-0.00960097648203373,103.19029998779297,5.442177772521973,265.85504031181335,1.163237704918033,0.0032647540983606546,9.794262295081968e-05,1.201943766420267
915,14991360,870.6992524059893,717.68,0.29,0.0,0.02,-0.012302677147090435,123.04045104980469,5.439863681793213,266.2032494544983,1.1628688524590165,0.003257377049180327,9.772131147540986e-05,1.2003492113977787
916,15007744,877.9697506652633,724.775,0.275,0.0,0.02,-0.0037033502012491226,100.6663818359375,5.4397664070129395,266.55138206481934,1.1625,0.0032499999999999994,9.750000000000001e-05,1.199500727045346
917,15024128,873.9505808802677,721.165,0.27,0.0,0.02,-0.01312155369669199,108.75247192382812,5.436440944671631,266.8987293243408,1.1621311475409837,0.003242622950819672,9.727868852459017e-05,1.1996855777986597
918,15040512,879.8777494554478,727.175,0.245,0.0,0.01,-0.012357793748378754,121.4638671875,5.434102535247803,267.24593353271484,1.1617622950819673,0.0032352459016393442,9.705737704918035e-05,1.1977744842321454
919,15056896,888.3169734949297,735.485,0.225,0.0,0.01,-0.006220993585884571,75.27029418945312,5.430519104003906,267.58886098861694,1.1613934426229509,0.0032278688524590158,9.68360655737705e-05,1.1974852384826167
920,15073280,916.096204608154,760.585,0.19,0.0,0.01,-0.012675825506448746,82.20918273925781,5.426746368408203,267.93606877326965,1.1610245901639344,0.003220491803278688,9.661475409836068e-05,1.1959288780385464
921,15089664,930.6867333702744,773.95,0.165,0.0,0.005,0.004511655308306217,160.24351501464844,5.4237380027771,268.28113436698914,1.160655737704918,0.0032131147540983606,9.639344262295083e-05,1.1934809032786822
922,15106048,933.1672091465595,776.27,0.155,0.0,0.0,0.002175065688788891,103.71833801269531,5.420560359954834,268.6215605735779,1.1602868852459016,0.003205737704918032,9.617213114754099e-05,1.1923708323934628
923,15122432,934.6536428560312,777.275,0.155,0.0,0.0,0.005135141313076019,75.68099212646484,5.4159650802612305,268.9681668281555,1.1599180327868852,0.0031983606557377036,9.595081967213114e-05,1.191832841504308
924,15138816,924.9350781743941,768.37,0.17,0.0,0.0,-0.01363909337669611,129.14503479003906,5.4129862785339355,269.321613073349,1.1595491803278688,0.003190983606557376,9.572950819672132e-05,1.1923464719810495
925,15155200,918.6225149584919,762.02,0.18,0.0,0.0,-0.016836147755384445,109.38420867919922,5.407766342163086,269.6691417694092,1.1591803278688526,0.0031836065573770484,9.550819672131148e-05,1.193109031728969
926,15171584,924.1156811427323,767.485,0.17,0.0,0.0,-0.011855392716825008,82.25177001953125,5.4015069007873535,270.00297570228577,1.158811475409836,0.003176229508196721,9.528688524590166e-05,1.1925267485206017
927,15187968,919.8929736124197,766.51,0.16,0.0,0.01,-0.014398947358131409,97.35586547851562,5.39968204498291,270.3509259223938,1.1584426229508198,0.0031688524590163933,9.506557377049181e-05,1.1949226754971156
928,15204352,920.4552659811053,767.465,0.155,0.0,0.01,-0.022835146635770798,151.8058624267578,5.39923095703125,270.6947886943817,1.1580737704918034,0.003161475409836065,9.484426229508199e-05,1.195248967887737
929,15220736,903.5431921271671,750.975,0.19,0.0,0.01,-0.009527252987027168,64.19612884521484,5.393945217132568,271.04529452323914,1.157704918032787,0.003154098360655737,9.462295081967214e-05,1.1958051981526745
930,15237120,908.4505701673038,756.86,0.175,0.0,0.01,-0.009854341857135296,61.85517501831055,5.3856401443481445,271.4047677516937,1.1573360655737706,0.0031467213114754096,9.440163934426233e-05,1.195854789504464
931,15253504,902.2650363101509,751.32,0.205,0.0,0.015,0.015923012048006058,197.2947998046875,5.384359836578369,271.81100249290466,1.1569672131147541,0.003139344262295082,9.418032786885248e-05,1.1966057221100204
932,15269888,875.7194090396926,725.675,0.25,0.0,0.015,0.024160923436284065,88.50685119628906,5.379181861877441,272.1991424560547,1.1565983606557377,0.0031319672131147544,9.395901639344266e-05,1.197051614246934
933,15286272,853.8508508276401,702.955,0.305,0.0,0.015,0.02029312774538994,47.05937957763672,5.3720784187316895,272.58478569984436,1.1562295081967213,0.003124590163934425,9.373770491803279e-05,1.1975254852482402
934,15302656,853.83966646518,703.275,0.31,0.0,0.015,-0.003106578951701522,109.09208679199219,5.3699235916137695,272.96512031555176,1.155860655737705,0.0031172131147540975,9.351639344262294e-05,1.1966376342413096
935,15319040,863.9581431971903,712.23,0.3,0.0,0.01,-0.004787313751876354,98.46297454833984,5.366974830627441,273.3530910015106,1.1554918032786885,0.00310983606557377,9.329508196721312e-05,1.1947286302719982
936,15335424,844.3253637824362,694.475,0.325,0.0,0.015,-0.006939170882105827,125.01913452148438,5.366486549377441,273.73797392845154,1.155122950819672,0.0031024590163934423,9.307377049180327e-05,1.1960461791287977
937,15351808,848.5122350239253,697.49,0.325,0.0,0.015,-0.001667664386332035,117.29520416259766,5.36721658706665,274.12177300453186,1.1547540983606557,0.003095081967213114,9.285245901639346e-05,1.1953696685928998
938,15368192,858.9352596704163,706.27,0.32,0.0,0.015,-0.00027694180607795715,80.36918640136719,5.361217498779297,274.50609159469604,1.1543852459016395,0.0030877049180327862,9.263114754098361e-05,1.1949180929438499
939,15384576,825.5777770832548,672.55,0.38,0.0,0.015,-0.02111540175974369,79.31877136230469,5.359040260314941,274.8965513706207,1.1540163934426229,0.0030803278688524586,9.240983606557379e-05,1.1967742824664904
940,15400960,828.0616310110952,675.43,0.37,0.0,0.015,-0.006005199626088142,82.7178726196289,5.363409996032715,275.28118562698364,1.1536475409836067,0.003072950819672131,9.218852459016394e-05,1.1970556202326121
941,15417344,822.7701048912598,672.1,0.36,0.0,0.02,-0.005329817067831755,87.38965606689453,5.358145236968994,275.6700904369354,1.1532786885245903,0.0030655737704918026,9.196721311475412e-05,1.199167685043246
942,15433728,821.6731026680131,671.59,0.35,0.0,0.02,-0.01606256514787674,103.7982177734375,5.355985641479492,276.0637059211731,1.1529098360655738,0.003058196721311475,9.174590163934428e-05,1.2001387449288636
943,15450112,797.219627282301,645.32,0.41,0.0,0.015,0.0007372619584202766,84.39840698242188,5.358406066894531,276.4425027370453,1.1525409836065574,0.0030508196721311474,9.152459016393446e-05,1.2000656584316716
944,15466496,765.7783785548559,612.57,0.49,0.0,0.01,-0.007690132595598698,51.619483947753906,5.356783866882324,276.82343006134033,1.152172131147541,0.003043442622950819,9.130327868852459e-05,1.1990260204464422
945,15482880,743.7914844244797,591.555,0.525,0.0,0.01,-0.015863602980971336,49.15215301513672,5.356844902038574,277.20187163352966,1.1518032786885246,0.0030360655737704904,9.108196721311477e-05,1.1989407534413459
946,15499264,756.0326544152553,602.62,0.495,0.0,0.005,0.0021989759989082813,121.22715759277344,5.35780668258667,277.5913326740265,1.1514344262295082,0.003028688524590163,9.086065573770492e-05,1.1964061622745379
947,15515648,757.2151592326596,603.97,0.495,0.0,0.01,0.026310089975595474,118.72176361083984,5.352846622467041,277.9742901325226,1.1510655737704918,0.0030213114754098352,9.06393442622951e-05,1.1956208040624976
948,15532032,757.0713198205823,601.74,0.505,0.0,0.005,0.005524812266230583,90.84701538085938,5.352766990661621,278.3507170677185,1.1506967213114754,0.0030139344262295076,9.041803278688525e-05,1.1934116816972324
949,15548416,775.5222675119919,618.775,0.485,0.0,0.005,-0.011483024805784225,91.33333587646484,5.349073886871338,278.73882961273193,1.1503278688524592,0.00300655737704918,9.019672131147544e-05,1.191029154751276
950,15564800,784.217330403043,627.03,0.46,0.0,0.005,-0.004326633643358946,115.49771118164062,5.344903469085693,279.11884117126465,1.1499590163934426,0.0029991803278688516,8.997540983606559e-05,1.1898491581281925
951,15581184,803.998206352404,646.385,0.42,0.0,0.005,-0.0017071878537535667,120.16062927246094,5.341739177703857,279.50307035446167,1.1495901639344264,0.002991803278688524,8.975409836065577e-05,1.1888559075485503
952,15597568,834.7491233740019,675.785,0.37,0.0,0.005,0.0015296367928385735,116.99571228027344,5.340115070343018,279.88699412345886,1.14922131147541,0.0029844262295081964,8.953278688524592e-05,1.187140625510641
953,15613952,872.5493887809549,712.41,0.295,0.0,0.005,-0.010969665832817554,128.98902893066406,5.340673446655273,280.2715859413147,1.1488524590163935,0.002977049180327869,8.93114754098361e-05,1.1860974154231632
954,15630336,901.0394885243799,740.67,0.23,0.0,0.005,-0.023410743102431297,106.96795654296875,5.340145111083984,280.6552064418793,1.1484836065573771,0.002969672131147541,8.909016393442626e-05,1.1853744018174237
955,15646720,915.9725653881184,753.825,0.215,0.0,0.005,-0.004808416590094566,78.73303985595703,5.338411331176758,281.0351641178131,1.1481147540983607,0.002962295081967212,8.886885245901638e-05,1.1846924432980896
956,15663104,932.7200310400467,770.075,0.18,0.0,0.0,-0.006323100998997688,129.89682006835938,5.329639434814453,281.4076340198517,1.1477459016393443,0.0029549180327868843,8.864754098360657e-05,1.1827188571136782
957,15679488,952.0660189354415,789.69,0.135,0.0,0.0,0.005099274218082428,148.27880859375,5.326407432556152,281.7841827869415,1.147377049180328,0.0029475409836065567,8.842622950819672e-05,1.182460459845069
958,15695872,953.626724963418,792.105,0.135,0.0,0.0,0.0003079960588365793,69.03184509277344,5.325486183166504,282.16204738616943,1.1470081967213115,0.002940163934426229,8.82049180327869e-05,1.1827205280000102
959,15712256,960.3320042226679,796.77,0.14,0.0,0.0,-0.01644224487245083,92.98062133789062,5.322232723236084,282.54035449028015,1.146639344262295,0.0029327868852459006,8.798360655737705e-05,1.1824297809012219
960,15728640,949.4047798782603,787.095,0.155,0.0,0.0,0.0010039662010967731,116.37260437011719,5.320989608764648,282.9295542240143,1.1462704918032787,0.002925409836065573,8.776229508196723e-05,1.1827738084207093
961,15745024,943.9254632827189,780.35,0.18,0.0,0.0,0.013711297884583473,91.68729400634766,5.319072723388672,283.30830550193787,1.1459016393442623,0.0029180327868852454,8.754098360655739e-05,1.1824626819271793
962,15761408,936.5499918665595,773.345,0.19,0.0,0.0,-0.012465224601328373,109.28636169433594,5.315956115722656,283.68591499328613,1.145532786885246,0.002910655737704918,8.731967213114757e-05,1.1820391101184093
963,15777792,929.7760792785249,766.57,0.2,0.0,0.005,0.029782965779304504,156.21482849121094,5.315958023071289,284.0674560070038,1.1451639344262294,0.0029032786885245902,8.709836065573772e-05,1.1820456724839812
964,15794176,919.8893667264751,758.42,0.205,0.0,0.01,-0.0196261964738369,86.7883071899414,5.312984466552734,284.3611445426941,1.1447950819672132,0.0028959016393442618,8.68770491803279e-05,1.18290635679647
965,15810560,915.9726423545347,754.615,0.205,0.0,0.01,-0.01697225496172905,104.2060775756836,5.3073883056640625,284.6266996860504,1.1444262295081968,0.002888524590163934,8.665573770491806e-05,1.1824542660880792
966,15826944,921.6367246766613,758.885,0.2,0.0,0.01,-0.022962840273976326,76.6074447631836,5.301878929138184,284.89020442962646,1.1440573770491804,0.0028811475409836057,8.643442622950821e-05,1.18166813685055
967,15843328,926.5596895826764,763.48,0.185,0.0,0.01,-0.005054013803601265,130.95394897460938,5.300813674926758,285.15943789482117,1.143688524590164,0.002873770491803278,8.621311475409836e-05,1.1809649571807284
968,15859712,937.5386083756329,775.43,0.145,0.0,0.015,0.0019514607265591621,114.08772277832031,5.300937175750732,285.43074774742126,1.1433196721311476,0.0028663934426229496,8.599180327868854e-05,1.1806683587994053
969,15876096,946.4873200910441,785.195,0.115,0.0,0.015,-0.02522307075560093,118.00630187988281,5.3003106117248535,285.6970715522766,1.1429508196721312,0.002859016393442622,8.57704918032787e-05,1.1790393134373225
970,15892480,956.5787654360224,793.375,0.105,0.0,0.015,0.01992196962237358,132.09222412109375,5.297670364379883,285.96146035194397,1.1425819672131148,0.0028516393442622944,8.554918032786885e-05,1.1774861959277803
971,15908864,964.5427113104739,802.275,0.08,0.0,0.015,-0.0042046490125358105,84.63350677490234,5.291352272033691,286.2249126434326,1.1422131147540984,0.002844262295081967,8.532786885245903e-05,1.17655209427562
972,15925248,972.6924667327049,810.19,0.065,0.0,0.015,-0.010428699664771557,121.50091552734375,5.29210090637207,286.4927122592926,1.141844262295082,0.0028368852459016393,8.510655737704919e-05,1.1755524999101248
973,15941632,982.6980368587269,819.61,0.05,0.0,0.01,-0.010417538695037365,141.17323303222656,5.289628028869629,286.7616083621979,1.1414754098360655,0.002829508196721311,8.488524590163937e-05,1.1742768820725906
974,15958016,987.6636863293081,823.5,0.05,0.0,0.005,-0.009934337809681892,97.69290161132812,5.280973434448242,287.0268120765686,1.1411065573770491,0.002822131147540983,8.466393442622952e-05,1.1728242194199785
975,15974400,994.8077155313332,830.39,0.04,0.0,0.005,-0.0003133588470518589,135.23150634765625,5.277584075927734,287.2932872772217,1.140737704918033,0.0028147540983606556,8.44426229508197e-05,1.173005354127113
976,15990784,992.2473003194685,828.335,0.04,0.0,0.005,-0.02493583783507347,75.75981140136719,5.273255825042725,287.55627059936523,1.1403688524590163,0.002807377049180327,8.422131147540983e-05,1.1731312756098213
977,16007168,991.9569609523364,828.465,0.035,0.0,0.005,-0.014358874410390854,134.00465393066406,5.274857044219971,287.82097458839417,1.1400000000000001,0.0027999999999999987,8.400000000000001e-05,1.173080023929564
978,16023552,993.8258962111021,829.605,0.04,0.0,0.0,0.0010646427981555462,90.95211791992188,5.277179718017578,288.0871260166168,1.1396311475409835,0.002792622950819671,8.377868852459016e-05,1.172211362884515
979,16039936,994.1145592068392,830.22,0.04,0.0,0.0,0.00014542927965521812,118.94685363769531,5.27818489074707,288.3547477722168,1.1392622950819673,0.0027852459016393435,8.355737704918034e-05,1.1723438867321336
980,16056320,990.9962158302574,828.805,0.035,0.0,0.0,-0.002517387270927429,131.95179748535156,5.27445650100708,288.6236848831177,1.138893442622951,0.002777868852459016,8.33360655737705e-05,1.172661061230677
981,16072704,990.6193069550707,827.565,0.04,0.0,0.0,-0.014833897352218628,101.64281463623047,5.269804000854492,288.88780784606934,1.1385245901639345,0.0027704918032786883,8.311475409836068e-05,1.172344597828102
982,16089088,976.7818184331644,816.245,0.05,0.0,0.005,-0.013943719677627087,97.80198669433594,5.266186237335205,289.15967059135437,1.138155737704918,0.00276311475409836,8.289344262295083e-05,1.1741574522545257
983,16105472,971.2693204071886,812.025,0.055,0.0,0.005,0.0010778959840536118,152.4747314453125,5.263859272003174,289.42981791496277,1.1377868852459017,0.0027557377049180322,8.267213114754101e-05,1.1742136024838934
984,16121856,975.3967646393434,816.57,0.045,0.0,0.005,-0.006275518797338009,105.59518432617188,5.265405178070068,289.6985242366791,1.1374180327868852,0.0027483606557377046,8.245081967213117e-05,1.1740268427488159
985,16138240,969.5334469619307,811.61,0.055,0.0,0.005,-0.022961605340242386,84.12831115722656,5.262231826782227,289.9676983356476,1.1370491803278688,0.002740983606557377,8.222950819672135e-05,1.1744257620885135
986,16154624,963.2800124677434,805.785,0.075,0.0,0.005,0.00920745637267828,128.2243194580078,5.257740020751953,290.23919200897217,1.1366803278688526,0.0027336065573770486,8.20081967213115e-05,1.17476309382432
987,16171008,931.80630452449,775.735,0.135,0.0,0.005,0.014595908112823963,117.39273834228516,5.252815246582031,290.51078701019287,1.136311475409836,0.00272622950819672,8.178688524590163e-05,1.1761029277010528
988,16187392,905.096226038932,748.515,0.2,0.0,0.005,-0.019771238788962364,40.03211212158203,5.247560501098633,290.7826986312866,1.1359426229508198,0.0027188524590163925,8.156557377049181e-05,1.177319645818438
989,16203776,901.953146927001,744.92,0.215,0.0,0.005,0.006644739769399166,66.75164031982422,5.245116233825684,291.05356097221375,1.1355737704918032,0.002711475409836065,8.134426229508196e-05,1.1771424759218905
990,16220160,880.4135010264856,722.685,0.275,0.0,0.0,-0.0015613590367138386,138.04150390625,5.2415771484375,291.32795000076294,1.135204918032787,0.0027040983606557364,8.112295081967214e-05,1.1772168169104884
991,16236544,883.1990291631819,723.91,0.28,0.0,0.0,-0.008763009682297707,108.11041259765625,5.235029220581055,291.6017396450043,1.1348360655737706,0.002696721311475409,8.09016393442623e-05,1.1755226167048618
992,16252928,874.9216118137854,714.89,0.305,0.0,0.0,0.007182467263191938,93.82988739013672,5.228542327880859,291.87235283851624,1.1344672131147542,0.0026893442622950813,8.068032786885248e-05,1.175105099618661
993,16269312,864.1247451826256,704.7,0.33,0.0,0.0,0.014366436749696732,126.83139038085938,5.225781440734863,292.14580965042114,1.1340983606557378,0.0026819672131147537,8.045901639344263e-05,1.1738207812540715
994,16285696,859.4028450556949,698.905,0.34,0.0,0.0,-0.01973913237452507,127.5865707397461,5.22481632232666,292.41727232933044,1.1337295081967214,0.002674590163934426,8.023770491803281e-05,1.1716074864708688
995,16302080,869.4525839486331,708.35,0.32,0.0,0.0,-0.015364350751042366,71.86917114257812,5.220128059387207,292.68971514701843,1.133360655737705,0.0026672131147540976,8.001639344262296e-05,1.1697773117583252
996,16318464,876.6285596799993,715.285,0.305,0.0,0.005,-0.0014602025039494038,89.71163940429688,5.219696044921875,292.9743478298187,1.1329918032786885,0.00265983606557377,7.979508196721315e-05,1.1682571499342798
997,16334848,920.1182126953956,755.935,0.23,0.0,0.005,-0.01590316742658615,163.47152709960938,5.220808982849121,293.260333776474,1.1326229508196721,0.0026524590163934424,7.95737704918033e-05,1.1628734675270962
998,16351232,923.1181889011746,759.18,0.215,0.0,0.005,-0.028079893440008163,73.49391174316406,5.218422889709473,293.55980467796326,1.1322540983606557,0.002645081967213114,7.935245901639345e-05,1.160867860498644
999,16367616,925.6182943056144,761.105,0.205,0.0,0.005,-0.032873090356588364,70.66513061523438,5.2181782722473145,293.8579683303833,1.1318852459016393,0.0026377049180327855,7.91311475409836e-05,1.159053887754899
1000,16384000,947.1399552232183,780.985,0.165,0.0,0.005,-0.0010930867865681648,138.39340209960938,5.218400001525879,294.1549596786499,1.131516393442623,0.002630327868852458,7.890983606557379e-05,1.1543442642706092
1001,16400384,962.6597403570382,794.445,0.145,0.0,0.005,-0.005700373090803623,113.26326751708984,5.220864295959473,294.44632363319397,1.1311475409836067,0.0026229508196721303,7.868852459016394e-05,1.1513222985339617
1002,16416768,968.7271928277788,800.255,0.125,0.0,0.005,-0.015631791204214096,72.66265869140625,5.222930908203125,294.73303627967834,1.13077868852459,0.0026155737704918027,7.846721311475412e-05,1.1492719973237167
1003,16433152,971.0195819300369,802.945,0.1,0.0,0.015,-0.012765699066221714,149.23928833007812,5.223586082458496,295.02961587905884,1.1304098360655739,0.002608196721311475,7.824590163934428e-05,1.1496361585079526
1004,16449536,982.7348208823474,813.27,0.08,0.0,0.015,-0.007780895102769136,142.80606079101562,5.224752426147461,295.3235824108124,1.1300409836065575,0.0026008196721311466,7.802459016393446e-05,1.146815975270259
1005,16465920,985.1145334365178,815.615,0.07,0.0,0.015,-0.002813225146383047,78.97175598144531,5.2244415283203125,295.62009167671204,1.129672131147541,0.002593442622950819,7.780327868852461e-05,1.146149877758722
1006,16482304,994.2463806535452,822.785,0.06,0.0,0.01,0.00397436274215579,98.29434204101562,5.218400955200195,295.9140114784241,1.1293032786885246,0.0025860655737704914,7.758196721311479e-05,1.143881060815334
1007,16498688,993.5837435122819,823.215,0.055,0.0,0.01,-0.0015775193460285664,162.15028381347656,5.213986396789551,296.2152466773987,1.1289344262295082,0.002578688524590164,7.736065573770494e-05,1.142696989230365
1008,16515072,998.7960936649499,828.015,0.035,0.0,0.01,-0.01003255508840084,99.54158020019531,5.212329387664795,296.5048484802246,1.1285655737704918,0.0025713114754098362,7.71393442622951e-05,1.1418832997088841
1009,16531456,1001.464621170336,830.62,0.025,0.0,0.01,0.01473923772573471,102.87896728515625,5.21334171295166,296.8006944656372,1.1281967213114754,0.002563934426229507,7.691803278688525e-05,1.1416056336061466
1010,16547840,998.3381258646742,829.675,0.02,0.0,0.015,-0.001171349547803402,149.27676391601562,5.214570045471191,297.0904891490936,1.127827868852459,0.0025565573770491793,7.66967213114754e-05,1.143534588545034
1011,16564224,992.3212703498075,825.91,0.015,0.0,0.02,-0.0024115489795804024,122.35343170166016,5.214320182800293,297.388560295105,1.1274590163934426,0.0025491803278688517,7.647540983606559e-05,1.1453428268239225
1012,16580608,986.2368999177129,821.955,0.01,0.0,0.025,-0.003636106848716736,103.24934387207031,5.213897705078125,297.65510988235474,1.1270901639344262,0.002541803278688524,7.625409836065574e-05,1.1480576335729977
1013,16596992,997.0349118036419,829.615,0.015,0.0,0.015,0.022824253886938095,164.14334106445312,5.21425724029541,297.9276669025421,1.1267213114754098,0.0025344262295081956,7.603278688524592e-05,1.1461644472102774
1014,16613376,995.9720271663532,829.615,0.015,0.0,0.015,0.006803673692047596,146.42762756347656,5.216076850891113,298.2007260322571,1.1263524590163936,0.002527049180327868,7.581147540983607e-05,1.1473511139447403
1015,16629760,998.22708410855,832.1,0.01,0.0,0.015,0.015927167609333992,93.44993591308594,5.217998504638672,298.47301506996155,1.1259836065573772,0.0025196721311475405,7.559016393442625e-05,1.1477150336949016
1016,16646144,997.1196197427848,832.1,0.01,0.0,0.015,-0.029278580099344254,97.1732177734375,5.220337867736816,298.7462294101715,1.1256147540983608,0.002512295081967213,7.536885245901641e-05,1.148184446332921
1017,16662528,989.2022940922926,825.16,0.02,0.0,0.015,0.0018762322142720222,160.92034912109375,5.216071605682373,299.0188446044922,1.1252459016393443,0.0025049180327868853,7.514754098360659e-05,1.1488149072050244
1018,16678912,988.593337368377,825.16,0.02,0.0,0.015,-0.020379945635795593,76.59616088867188,5.213741779327393,299.2924726009369,1.124877049180328,0.002497540983606557,7.492622950819674e-05,1.148989368490799
1019,16695296,987.9757980804745,825.16,0.02,0.0,0.015,0.0002212126273661852,86.90647888183594,5.210086345672607,299.56479263305664,1.1245081967213115,0.002490163934426229,7.470491803278692e-05,1.1493224982510981
1020,16711680,985.807227230453,824.015,0.015,0.0,0.02,-0.0003004930913448334,195.88214111328125,5.207940101623535,299.8384485244751,1.1241393442622951,0.0024827868852459007,7.448360655737705e-05,1.151069847213421
1021,16728064,991.4047986926568,828.135,0.015,0.0,0.015,-0.007339498959481716,113.29000091552734,5.207059860229492,300.11039209365845,1.1237704918032787,0.002475409836065573,7.426229508196723e-05,1.1494392392098631
1022,16744448,996.2387826432928,832.25,0.015,0.0,0.01,0.0277714766561985,129.10552978515625,5.2064924240112305,300.38051438331604,1.1234016393442623,0.0024680327868852447,7.404098360655738e-05,1.1470227328078233
1023,16760832,994.0402127434317,830.56,0.015,0.0,0.01,-0.014630698598921299,125.72798156738281,5.202920913696289,300.65021538734436,1.1230327868852459,0.002460655737704917,7.381967213114754e-05,1.145396030330319
1024,16777216,981.4901574178108,820.135,0.025,0.0,0.015,0.0037976745516061783,158.90708923339844,5.197756767272949,300.9245295524597,1.1226639344262295,0.0024532786885245895,7.359836065573772e-05,1.1449243470985977
1025,16793600,973.1126468598563,812.55,0.03,0.0,0.02,0.02136393077671528,104.5849838256836,5.192575454711914,301.198721408844,1.1222950819672133,0.002445901639344262,7.337704918032787e-05,1.1455560260297184
1026,16809984,973.484520527849,812.55,0.03,0.0,0.02,-0.02661365643143654,89.69342041015625,5.191210746765137,301.47405791282654,1.1219262295081966,0.0024385245901639334,7.315573770491805e-05,1.1445365788285438
1027,16826368,968.0633295858217,806.415,0.045,0.0,0.025,0.02045106515288353,189.97613525390625,5.187763214111328,301.747195482254,1.1215573770491805,0.002431147540983606,7.293442622950821e-05,1.1430869292047767
1028,16842752,953.0252513773547,792.125,0.07,0.0,0.025,-0.003781198989599943,84.59080505371094,5.185067176818848,302.01232409477234,1.121188524590164,0.0024237704918032782,7.271311475409839e-05,1.1425881262329523
1029,16859136,956.8500109351271,793.255,0.08,0.0,0.02,-0.022135604172945023,66.50254821777344,5.181466102600098,302.27871656417847,1.1208196721311476,0.0024163934426229506,7.249180327868854e-05,1.1401589297779842
1030,16875520,952.4497495182527,788.11,0.095,0.0,0.02,0.011849723756313324,162.3324737548828,5.181138038635254,302.55127477645874,1.1204508196721312,0.002409016393442623,7.227049180327872e-05,1.1388979374099437
1031,16891904,939.6230597220709,777.48,0.1,0.0,0.03,-0.002945912769064307,132.00001525878906,5.180854797363281,302.81815791130066,1.1200819672131148,0.0024016393442622937,7.204918032786885e-05,1.141335577453092
1032,16908288,913.73345256595,753.28,0.15,0.0,0.035,-0.014191345311701298,98.54881286621094,5.179388046264648,303.08444237709045,1.1197131147540984,0.002394262295081966,7.182786885245903e-05,1.143430443997508
1033,16924672,906.1869726034764,744.28,0.18,0.0,0.03,-0.03235097974538803,70.91719818115234,5.177790641784668,303.35397362709045,1.119344262295082,0.0023868852459016385,7.160655737704918e-05,1.1427664527016665
1034,16941056,914.6178907645735,750.855,0.185,0.0,0.025,-0.0038307346403598785,98.21780395507812,5.176077842712402,303.6186022758484,1.1189754098360656,0.002379508196721311,7.138524590163936e-05,1.141366070403838
1035,16957440,904.7250304771592,742.065,0.2,0.0,0.03,-0.0145940613001585,114.656494140625,5.176288604736328,303.88524293899536,1.1186065573770492,0.0023721311475409824,7.116393442622952e-05,1.1431776849690396
1036,16973824,904.9582119412712,740.935,0.22,0.0,0.025,-0.005866176448762417,95.43047332763672,5.178610324859619,304.17953634262085,1.1182377049180328,0.002364754098360655,7.09426229508197e-05,1.1437402673438202
1037,16990208,909.3151598098349,745.52,0.215,0.0,0.025,-0.013207236304879189,101.09872436523438,5.1739044189453125,304.4827971458435,1.1178688524590163,0.0023573770491803273,7.072131147540985e-05,1.1445527699259108
1038,17006592,885.0427860765532,724.1,0.25,0.0,0.03,-0.022303365170955658,70.56405639648438,5.170970439910889,304.7812514305115,1.1175000000000002,0.0023499999999999997,7.050000000000003e-05,1.1479106702851267
1039,17022976,872.692081204248,708.625,0.315,0.0,0.02,0.0022239629179239273,90.03706359863281,5.168524742126465,305.08462858200073,1.1171311475409835,0.002342622950819672,7.027868852459019e-05,1.1461640700772922
1040,17039360,848.2635090179017,684.06,0.37,0.0,0.01,0.012933339923620224,105.8204345703125,5.167905807495117,305.38111662864685,1.1167622950819673,0.0023352459016393436,7.005737704918037e-05,1.1457333585173615
1041,17055744,808.7718129467295,647.475,0.435,0.0,0.015,0.0017539113759994507,49.43321990966797,5.1680073738098145,305.6787443161011,1.116393442622951,0.002327868852459016,6.983606557377052e-05,1.1498362519447318
1042,17072128,772.7630541032581,615.445,0.48,0.0,0.025,0.0022642179392278194,60.482704162597656,5.166323184967041,305.9741909503937,1.1160245901639345,0.0023204918032786875,6.961475409836065e-05,1.1524068362093414
1043,17088512,776.2512874386425,618.23,0.475,0.0,0.02,0.012312180362641811,144.54075622558594,5.162883758544922,306.26605582237244,1.115655737704918,0.00231311475409836,6.939344262295083e-05,1.1513212819143432
1044,17104896,780.380740392998,622.895,0.455,0.0,0.02,0.024612773209810257,129.39654541015625,5.163018226623535,306.55741477012634,1.1152868852459017,0.0023057377049180315,6.917213114754098e-05,1.1510580485700799
1045,17121280,784.5272944011092,627.145,0.445,0.0,0.02,0.002065553329885006,130.91500854492188,5.1647443771362305,306.85575580596924,1.1149180327868853,0.002298360655737704,6.895081967213116e-05,1.148967250126087
1046,17137664,806.4482873385537,647.64,0.405,0.0,0.015,0.003606218146160245,118.64148712158203,5.166624546051025,307.14659333229065,1.1145491803278689,0.0022909836065573763,6.872950819672132e-05,1.146473820506434
1047,17154048,821.6412500094937,663.535,0.365,0.0,0.015,-0.0024479320272803307,123.59613800048828,5.167258262634277,307.4393322467804,1.1141803278688525,0.0022836065573770487,6.85081967213115e-05,1.1454320108322649
1048,17170432,849.5060301631138,690.14,0.3,0.0,0.015,-0.007632329128682613,121.36767578125,5.1669511795043945,307.7334418296814,1.113811475409836,0.002276229508196721,6.828688524590165e-05,1.1436478643433907
1049,17186816,869.3525516503796,710.55,0.25,0.0,0.02,-0.0035830542910844088,109.65223693847656,5.167403221130371,308.0277030467987,1.1134426229508196,0.0022688524590163926,6.806557377049183e-05,1.1425910701998276
1050,17203200,918.4587443445997,757.23,0.165,0.0,0.02,-0.004833738319575787,143.46890258789062,5.165683746337891,308.3249444961548,1.1130737704918032,0.002261475409836065,6.784426229508199e-05,1.1389077344322467
1051,17219584,950.9604005942981,787.89,0.105,0.0,0.015,0.028521034866571426,146.88722229003906,5.166666030883789,308.6170902252197,1.112704918032787,0.0022540983606557374,6.762295081967217e-05,1.135628082250355
1052,17235968,977.8933588814793,812.165,0.065,0.0,0.005,0.010081594809889793,99.29328918457031,5.167332649230957,308.90758180618286,1.1123360655737706,0.00224672131147541,6.740163934426232e-05,1.133501381008975
1053,17252352,986.5249101160923,820.125,0.05,0.0,0.005,0.006093804724514484,134.76382446289062,5.172393798828125,309.1992623806,1.1119672131147542,0.0022393442622950805,6.718032786885247e-05,1.132292994732713
1054,17268736,991.9925217890556,825.125,0.04,0.0,0.005,-0.007882705889642239,100.51985168457031,5.172781467437744,309.4872496128082,1.1115983606557378,0.002231967213114753,6.695901639344263e-05,1.1314363618291667
1055,17285120,992.9526035177868,827.255,0.025,0.0,0.01,-0.0056108878925442696,162.578857421875,5.172605991363525,309.7857151031494,1.1112295081967214,0.0022245901639344253,6.673770491803281e-05,1.1325535800917215
1056,17301504,995.9550013239232,829.71,0.02,0.0,0.01,8.892454206943512e-05,115.00242614746094,5.1721673011779785,310.08280324935913,1.110860655737705,0.0022172131147540977,6.651639344262296e-05,1.1323455474579651
1057,17317888,996.2077328987169,829.845,0.02,0.0,0.01,-0.011166166514158249,100.03335571289062,5.165388107299805,310.3802878856659,1.1104918032786886,0.00220983606557377,6.629508196721314e-05,1.132376817588298
1058,17334272,994.7807418215109,829.845,0.02,0.0,0.01,0.0022071320563554764,136.77662658691406,5.1652374267578125,310.6760342121124,1.1101229508196722,0.0022024590163934417,6.60737704918033e-05,1.1322007051133918
1059,17350656,995.640316088539,830.885,0.015,0.0,0.01,-0.012158310040831566,89.7561264038086,5.166521072387695,310.9745149612427,1.1097540983606557,0.002195081967213114,6.585245901639348e-05,1.1321005209309012
1060,17367040,1000.1894071133737,834.545,0.01,0.0,0.01,-0.01062545832246542,165.99862670898438,5.165953636169434,311.2619514465332,1.1093852459016393,0.0021877049180327865,6.563114754098363e-05,1.1311287356353585
1061,17383424,994.2353308835794,830.42,0.01,0.0,0.015,-0.004801079630851746,134.2076416015625,5.162315845489502,311.55460929870605,1.109016393442623,0.002180327868852458,6.540983606557378e-05,1.1323358563949493
1062,17399808,990.8384498107823,827.31,0.015,0.0,0.015,-0.001724905101582408,93.76799011230469,5.158684253692627,311.84414529800415,1.1086475409836067,0.0021729508196721304,6.518852459016397e-05,1.1323688980156534
1063,17416192,991.2167730998897,827.31,0.015,0.0,0.015,-0.008922276087105274,136.55487060546875,5.158537864685059,312.1439542770386,1.10827868852459,0.002165573770491803,6.496721311475412e-05,1.1321055018777075
1064,17432576,990.1899010036525,827.31,0.015,0.0,0.015,-0.02395760640501976,92.8888931274414,5.157883644104004,312.43815565109253,1.107909836065574,0.0021581967213114735,6.474590163934427e-05,1.1321735021635577
1065,17448960,993.988677060253,830.8,0.01,0.0,0.015,-0.009757215157151222,115.08090209960938,5.157866477966309,312.7318584918976,1.1075409836065573,0.002150819672131146,6.452459016393443e-05,1.131951513838693
1066,17465344,999.2804673276426,834.925,0.01,0.0,0.01,0.0016308827325701714,132.92898559570312,5.1559672355651855,313.0260818004608,1.107172131147541,0.0021434426229508183,6.430327868852461e-05,1.1302049754739207
1067,17481728,1001.5636764592579,836.69,0.005,0.0,0.01,-0.007430307101458311,97.11587524414062,5.150242805480957,313.3170118331909,1.1068032786885247,0.0021360655737704907,6.408196721311476e-05,1.1295272960461127
1068,17498112,999.8569561453695,834.78,0.01,0.0,0.01,-0.0036828285083174706,115.68336486816406,5.147280693054199,313.6132245063782,1.1064344262295083,0.002128688524590163,6.386065573770494e-05,1.1289259239033669
1069,17514496,999.4894766705445,834.78,0.01,0.0,0.01,-0.013732418417930603,110.23497772216797,5.140133380889893,313.9042112827301,1.1060655737704919,0.0021213114754098355,6.36393442622951e-05,1.1283437431494492
1070,17530880,999.5078511548315,834.78,0.01,0.0,0.01,0.009879248216748238,147.79258728027344,5.133352279663086,314.193989276886,1.1056967213114755,0.002113934426229508,6.341803278688528e-05,1.1279239790345938
1071,17547264,1004.56924611303,838.855,0.01,0.0,0.005,-0.02559877559542656,91.67660522460938,5.122668266296387,314.4820022583008,1.105327868852459,0.0021065573770491803,6.319672131147543e-05,1.1262350295655745
1072,17563648,1010.1952933062246,842.98,0.01,0.0,0.0,-0.008113016374409199,101.69824981689453,5.11330509185791,314.77377462387085,1.1049590163934426,0.0020991803278688527,6.297540983606561e-05,1.1238241056585543
1073,17580032,1013.7197395276188,846.09,0.005,0.0,0.0,0.01463046483695507,137.903564453125,5.11121940612793,315.0691509246826,1.1045901639344262,0.002091803278688525,6.275409836065576e-05,1.1225268842744358
1074,17596416,1014.0753702389977,846.09,0.005,0.0,0.0,-0.007866735570132732,99.90440368652344,5.111091613769531,315.35717034339905,1.1042213114754098,0.0020844262295081958,6.253278688524592e-05,1.1213412432507763
1075,17612800,1015.0385205578075,846.09,0.005,0.0,0.0,-0.0191949550062418,100.59945678710938,5.109450340270996,315.6481680870056,1.1038524590163934,0.002077049180327868,6.231147540983607e-05,1.1197004641625394
1076,17629184,1014.8607668837666,846.09,0.005,0.0,0.0,0.018987907096743584,150.42666625976562,5.106551170349121,315.9457447528839,1.103483606557377,0.0020696721311475406,6.209016393442625e-05,1.1180548859837247
1077,17645568,1003.3102591375535,837.85,0.005,0.0,0.01,0.004460412543267012,117.8869857788086,5.10566520690918,316.2320191860199,1.1031147540983608,0.002062295081967213,6.18688524590164e-05,1.120245736130169
1078,17661952,998.9536481155632,834.73,0.005,0.0,0.015,0.009735858999192715,136.7240447998047,5.105608940124512,316.5311756134033,1.1027459016393442,0.0020549180327868836,6.164754098360656e-05,1.1195347725555438
1079,17678336,996.3184668563318,833.05,0.0,0.0,0.02,-0.007205489557236433,121.88563537597656,5.104028701782227,316.8274624347687,1.102377049180328,0.002047540983606556,6.142622950819674e-05,1.1187810823005606
1080,17694720,996.5008172072144,833.005,0.0,0.0,0.025,-0.00578522402793169,126.50286865234375,5.103266716003418,317.11490416526794,1.1020081967213116,0.0020401639344262285,6.12049180327869e-05,1.117896970117402
1081,17711104,995.9816455074274,833.005,0.0,0.0,0.025,0.002368752844631672,122.99919128417969,5.099846839904785,317.41461515426636,1.1016393442622952,0.002032786885245901,6.0983606557377074e-05,1.117619676889994
1082,17727488,995.4247836982923,833.005,0.0,0.0,0.025,0.02980746328830719,139.08267211914062,5.099615097045898,317.7107491493225,1.1012704918032787,0.0020254098360655733,6.076229508196723e-05,1.1170266386838652
1083,17743872,995.2002421026842,833.005,0.0,0.0,0.025,-0.021712057292461395,100.31085205078125,5.097379207611084,318.0110352039337,1.1009016393442623,0.0020180327868852457,6.054098360655741e-05,1.1167498451203073
1084,17760256,995.2002638127531,833.005,0.0,0.0,0.025,-0.0077378833666443825,117.58848571777344,5.096587181091309,318.29934525489807,1.100532786885246,0.002010655737704918,6.031967213114756e-05,1.1168614815665476
1085,17776640,994.2347818931358,833.005,0.0,0.0,0.025,0.008535940200090408,140.0103759765625,5.096625328063965,318.5966155529022,1.1001639344262295,0.0020032786885245887,6.0098360655737716e-05,1.1169990607481164
1086,17793024,989.278330217649,828.905,0.0,0.0,0.03,-0.01517464593052864,133.5888671875,5.096940517425537,318.88288474082947,1.099795081967213,0.001995901639344261,5.987704918032787e-05,1.1189552812847183
1087,17809408,1001.1345506118171,837.145,0.0,0.0,0.02,0.001341282855719328,107.22041320800781,5.09559440612793,319.1809780597687,1.0994262295081967,0.0019885245901639335,5.965573770491805e-05,1.1160646281745716
1088,17825792,1005.7781731605537,840.265,0.0,0.0,0.015,-0.02107315883040428,104.35081481933594,5.094079494476318,319.4804034233093,1.0990573770491805,0.001981147540983606,5.9434426229508204e-05,1.1165883544514457
1089,17842176,1005.454018211971,840.34,0.0,0.0,0.015,-0.0031902070622891188,136.7404327392578,5.091609001159668,319.7775022983551,1.0986885245901639,0.0019737704918032783,5.9213114754098385e-05,1.1169409617636106
1090,17858560,1005.3474296256763,840.34,0.0,0.0,0.015,-0.0020441545639187098,111.81291198730469,5.0899763107299805,320.0804784297943,1.0983196721311477,0.0019663934426229508,5.899180327868854e-05,1.1168141480571245
1091,17874944,1006.8061083654034,840.385,0.0,0.0,0.01,-0.011661417782306671,115.96397399902344,5.086495399475098,320.3759591579437,1.0979508196721313,0.0019590163934426214,5.877049180327872e-05,1.116511583608942
1092,17891328,1007.8794853379707,840.385,0.0,0.0,0.01,-0.017288291826844215,98.50170135498047,5.083346843719482,320.66818833351135,1.0975819672131149,0.0019516393442622938,5.854918032786887e-05,1.11642187141574
1093,17907712,1007.6363013660059,840.385,0.0,0.0,0.01,-0.012719124555587769,121.24470520019531,5.083373069763184,320.9639720916748,1.0972131147540984,0.0019442622950819662,5.8327868852459054e-05,1.116516401608444
1094,17924096,1008.1108073434449,840.385,0.0,0.0,0.01,0.004730280954390764,121.32203674316406,5.082025527954102,321.2553415298462,1.096844262295082,0.0019368852459016386,5.810655737704921e-05,1.1163629816078326
1095,17940480,997.285959656762,832.15,0.0,0.0,0.02,0.01443655975162983,151.18692016601562,5.081485748291016,321.5501790046692,1.0964754098360656,0.001929508196721311,5.788524590163939e-05,1.1200340227117858
1096,17956864,1002.6180794303887,836.25,0.0,0.0,0.015,-0.014185911044478416,120.26296997070312,5.081947326660156,321.8425672054291,1.0961065573770492,0.0019221311475409817,5.7663934426229515e-05,1.1187672516492695
1097,17973248,1003.0450467871941,836.25,0.0,0.0,0.015,-0.0088382288813591,92.91780090332031,5.081267356872559,322.1391921043396,1.0957377049180328,0.001914754098360654,5.744262295081967e-05,1.118894373491243
1098,17989632,1003.2167463091691,836.25,0.0,0.0,0.015,-0.00819895789027214,127.15123748779297,5.081218242645264,322.4395318031311,1.0953688524590164,0.0019073770491803265,5.722131147540985e-05,1.118487382180305
1099,18006016,1003.0425844826308,835.71,0.0,0.0,0.015,-0.013671807944774628,125.24317169189453,5.080391883850098,322.7387533187866,1.095,0.001899999999999999,5.7e-05,1.1185746754003119
1100,18022400,1003.2641878342786,835.71,0.0,0.0,0.015,0.00266244076192379,112.41265869140625,5.079916954040527,323.0346224308014,1.0946311475409836,0.0018926229508196713,5.6778688524590184e-05,1.117857590895065
1101,18038784,996.7029078392857,831.61,0.0,0.0,0.02,-0.009682544507086277,136.399658203125,5.077663898468018,323.32935094833374,1.0942622950819674,0.0018852459016393437,5.655737704918034e-05,1.1191522711464226
1102,18055168,993.4853694125471,829.48,0.0,0.0,0.025,-0.020316828042268753,111.20343017578125,5.072585105895996,323.6271469593048,1.0938934426229507,0.0018778688524590161,5.633606557377052e-05,1.118891067261617
1103,18071552,980.8882953773598,818.98,0.005,0.0,0.035,-0.007872425019741058,148.83474731445312,5.0696306228637695,323.92371225357056,1.0935245901639346,0.0018704918032786885,5.611475409836067e-05,1.1192874833761162
1104,18087936,973.898665369261,814.87,0.005,0.0,0.04,-0.0102610494941473,125.46751403808594,5.067406177520752,324.22056102752686,1.0931557377049181,0.001863114754098361,5.589344262295085e-05,1.120500618423041
1105,18104320,975.8776979427456,815.36,0.02,0.0,0.04,-0.017935987561941147,115.17771911621094,5.063717365264893,324.51045870780945,1.0927868852459017,0.0018557377049180316,5.5672131147541006e-05,1.1176979182841926
1106,18120704,951.9329110241804,793.44,0.055,0.0,0.045,-0.005617273971438408,152.37567138671875,5.0633134841918945,324.8090543746948,1.0924180327868853,0.001848360655737704,5.545081967213119e-05,1.1174630359807258
1107,18137088,939.2842219325016,780.955,0.09,0.0,0.045,0.00779667217284441,75.61488342285156,5.064054489135742,325.0962631702423,1.092049180327869,0.0018409836065573764,5.5229508196721314e-05,1.1171168748320517
1108,18153472,940.9194027106694,781.36,0.1,0.0,0.04,0.014704710803925991,87.6700668334961,5.060393333435059,325.3860971927643,1.0916803278688525,0.0018336065573770488,5.5008196721311495e-05,1.1157367164164353
1109,18169856,923.6836084347179,766.675,0.125,0.0,0.045,0.006707030348479748,125.75408935546875,5.058090686798096,325.69092321395874,1.091311475409836,0.0018262295081967195,5.4786885245901675e-05,1.1179027406347712
1110,18186240,911.0972555530111,756.52,0.14,0.0,0.05,-0.019471680745482445,127.03163146972656,5.057173252105713,325.97941303253174,1.0909426229508197,0.0018188524590163919,5.45655737704918e-05,1.1187543592388325
1111,18202624,906.587634311196,750.715,0.16,0.0,0.045,-0.007460609078407288,93.76643371582031,5.054136276245117,326.27965784072876,1.0905737704918033,0.0018114754098360643,5.434426229508198e-05,1.1193358602273573
1112,18219008,905.8467872223919,748.98,0.175,0.0,0.04,-0.016067620366811752,56.12201690673828,5.051370620727539,326.5762758255005,1.0902049180327869,0.0018040983606557367,5.4122950819672163e-05,1.121084973906489
1113,18235392,914.0678917172322,755.23,0.175,0.0,0.035,-0.0238941702991724,175.37950134277344,5.050288677215576,326.87664699554443,1.0898360655737704,0.001796721311475409,5.3901639344262344e-05,1.1194016900924109
1114,18251776,918.4308809691225,758.37,0.175,0.0,0.025,-0.004399104043841362,107.89158630371094,5.048920631408691,327.16641879081726,1.0894672131147543,0.0017893442622950815,5.368032786885247e-05,1.1189719422765227
1115,18268160,924.2051253585724,764.595,0.165,0.0,0.025,0.04423966258764267,96.77095031738281,5.045309066772461,327.45814418792725,1.0890983606557378,0.001781967213114754,5.345901639344265e-05,1.1196677872345178
1116,18284544,935.2593728592368,776.36,0.145,0.0,0.025,0.000651458278298378,146.05426025390625,5.043553352355957,327.7512118816376,1.0887295081967214,0.0017745901639344263,5.323770491803283e-05,1.1237633760483567
1117,18300928,932.1362400409124,777.11,0.125,0.0,0.03,-0.01701626181602478,102.29116821289062,5.042736530303955,328.04440331459045,1.088360655737705,0.0017672131147540987,5.301639344262296e-05,1.1286624813822446
1118,18317312,935.3898331817971,781.32,0.11,0.0,0.03,0.001343835610896349,84.62135314941406,5.041938781738281,328.3401143550873,1.0879918032786886,0.0017598360655737694,5.279508196721314e-05,1.129931836491799
1119,18333696,944.1842012318547,788.085,0.115,0.0,0.025,-0.02164078876376152,96.80331420898438,5.038485050201416,328.62382793426514,1.0876229508196722,0.0017524590163934418,5.2573770491803266e-05,1.130735605325947
1120,18350080,941.4122688140092,785.895,0.115,0.0,0.025,-0.0013896860182285309,134.38119506835938,5.038390159606934,328.92357778549194,1.0872540983606558,0.0017450819672131142,5.235245901639345e-05,1.1341211742964452
1121,18366464,930.7955087449633,777.38,0.13,0.0,0.025,-0.026339616626501083,77.86875915527344,5.035688400268555,329.22023487091064,1.0868852459016394,0.0017377049180327866,5.213114754098363e-05,1.1362445731947386
1122,18382848,926.9774283690316,774.225,0.135,0.0,0.025,-0.00341956689953804,83.61508178710938,5.030823230743408,329.51282691955566,1.086516393442623,0.001730327868852459,5.190983606557381e-05,1.1381166814422063
1123,18399232,917.2925611185533,765.44,0.16,0.0,0.025,-0.023725204169750214,119.86933135986328,5.028024673461914,329.802934885025,1.0861475409836066,0.0017229508196721297,5.1688524590163935e-05,1.1426717281305114
1124,18415616,904.4905361420277,753.95,0.18,0.0,0.025,0.006899726577103138,87.6671142578125,5.027272701263428,330.09697556495667,1.0857786885245901,0.001715573770491802,5.1467213114754116e-05,1.1450073388964426
1125,18432000,904.3570728214914,753.895,0.18,0.0,0.025,-0.015167586505413055,70.11909484863281,5.024618148803711,330.3632402420044,1.085409836065574,0.0017081967213114745,5.12459016393443e-05,1.1455568875588675
1126,18448384,897.1925256769147,743.495,0.225,0.0,0.015,-0.0005798190832138062,154.91867065429688,5.022729873657227,330.6369833946228,1.0850409836065573,0.0017008196721311469,5.102459016393448e-05,1.1419827800667794
1127,18464768,850.2480247435634,697.68,0.315,0.0,0.015,-0.02511701174080372,47.64452362060547,5.020130157470703,330.9117114543915,1.0846721311475411,0.0016934426229508193,5.0803278688524604e-05,1.144761691293232
1128,18481152,838.5409231593284,685.81,0.345,0.0,0.01,-0.009047547355294228,35.94999313354492,5.0162577629089355,331.17388463020325,1.0843032786885247,0.0016860655737704917,5.0581967213114785e-05,1.144026989404318
1129,18497536,851.4929908863228,696.515,0.34,0.0,0.005,0.009938004426658154,111.92411041259766,5.0148515701293945,331.44261050224304,1.0839344262295083,0.0016786885245901623,5.036065573770491e-05,1.14048442956897
1130,18513920,820.0968485411769,668.675,0.37,0.0,0.015,0.008077599108219147,175.92855834960938,5.016074180603027,331.71177983283997,1.083565573770492,0.0016713114754098347,5.013934426229509e-05,1.1414594184034395
1131,18530304,823.0486958693518,668.32,0.385,0.0,0.01,-0.006527375429868698,71.46319580078125,5.01568078994751,331.9812636375427,1.0831967213114755,0.0016639344262295071,4.991803278688527e-05,1.1390921344277265
1132,18546688,812.0260102388908,657.205,0.41,0.0,0.015,0.006792125757783651,75.58978271484375,5.01126766204834,332.24760603904724,1.082827868852459,0.0016565573770491795,4.96967213114754e-05,1.1367789309680278
1133,18563072,811.9569235677525,654.165,0.43,0.0,0.015,-0.012687012553215027,113.44336700439453,5.00532341003418,332.51832461357117,1.0824590163934427,0.001649180327868852,4.947540983606558e-05,1.1333992133899524
1134,18579456,785.7599683283876,630.37,0.455,0.0,0.02,0.02697228267788887,115.11924743652344,5.002554893493652,332.7803909778595,1.0820901639344263,0.0016418032786885244,4.925409836065576e-05,1.1327439609753411
1135,18595840,788.4418604790334,632.315,0.45,0.0,0.02,-0.016903461888432503,48.78644561767578,5.000796794891357,333.0458152294159,1.0817213114754098,0.0016344262295081968,4.903278688524594e-05,1.1302563002005275
1136,18612224,785.1634698405923,632.505,0.415,0.0,0.04,-0.013482507318258286,143.775634765625,5.000227451324463,333.31119775772095,1.0813524590163934,0.0016270491803278674,4.881147540983607e-05,1.1321698340963386
1137,18628608,763.7427474954145,611.85,0.45,0.0,0.045,0.013928448781371117,108.26085662841797,4.999888896942139,333.5808551311493,1.080983606557377,0.0016196721311475398,4.859016393442625e-05,1.1344567069215272
1138,18644992,778.4644881668451,624.915,0.44,0.0,0.04,-0.02642768807709217,70.49015808105469,4.997677803039551,333.84039092063904,1.0806147540983608,0.0016122950819672122,4.836885245901643e-05,1.129960891195465
1139,18661376,779.8710371276734,630.29,0.4,0.0,0.05,-0.009731557220220566,130.4600067138672,4.996030330657959,334.10903096199036,1.0802459016393442,0.0016049180327868846,4.814754098360661e-05,1.1301712347087598
1140,18677760,795.1339553551262,645.655,0.36,0.0,0.05,-0.009520476683974266,112.38533020019531,4.992049217224121,334.3744258880615,1.079877049180328,0.0015975409836065553,4.792622950819674e-05,1.128788773975802
1141,18694144,796.2922323626846,648.57,0.34,0.0,0.05,-0.009970034472644329,90.44597625732422,4.990081310272217,334.6409890651703,1.0795081967213114,0.0015901639344262277,4.770491803278692e-05,1.1282304516065988
1142,18710528,810.7776956084157,664.9,0.3,0.0,0.055,-0.013110000640153885,138.68394470214844,4.988780498504639,334.90931129455566,1.0791393442622952,0.0015827868852459001,4.7483606557377045e-05,1.1283748780074432
1143,18726912,838.9670833213578,692.57,0.245,0.0,0.055,-0.007644533645361662,97.587158203125,4.987619400024414,335.1727566719055,1.0787704918032788,0.0015754098360655725,4.7262295081967225e-05,1.1269094179748154
1144,18743296,869.6008918255241,722.37,0.185,0.0,0.055,0.0011566737666726112,101.17024230957031,4.983460903167725,335.4395217895508,1.0784016393442624,0.001568032786885245,4.7040983606557406e-05,1.1260475898073004
1145,18759680,888.6348478360676,741.375,0.15,0.0,0.05,-0.0039760647341609,117.29755401611328,4.982676029205322,335.7287702560425,1.078032786885246,0.0015606557377049173,4.681967213114759e-05,1.1244911990514632
1146,18776064,924.9048344363729,771.475,0.13,0.0,0.025,0.0022017695009708405,127.25395202636719,4.982250213623047,336.00474286079407,1.0776639344262295,0.0015532786885245897,4.6598360655737713e-05,1.1189677998116478
1147,18792448,947.6047988718943,794.035,0.08,0.0,0.025,-0.00382958073168993,106.96629333496094,4.977904796600342,336.27517533302307,1.0772950819672131,0.0015459016393442621,4.6377049180327894e-05,1.1195217231131303
1148,18808832,963.285982920982,809.58,0.045,0.0,0.025,-0.0071642277762293816,110.50331115722656,4.973033428192139,336.54764127731323,1.0769262295081967,0.0015385245901639345,4.6155737704918075e-05,1.1201519578792554
1149,18825216,980.3818895147094,826.25,0.02,0.0,0.02,0.002720104530453682,169.82498168945312,4.971796035766602,336.8196589946747,1.0765573770491803,0.001531147540983607,4.5934426229508256e-05,1.1206302625180582
1150,18841600,986.0179137184579,830.335,0.02,0.0,0.015,-0.013035081326961517,79.74229431152344,4.970894813537598,337.0878381729126,1.076188524590164,0.0015237704918032776,4.571311475409838e-05,1.1208042347050997
1151,18857984,992.520049832032,836.335,0.015,0.0,0.01,-0.006524518597871065,94.83731842041016,4.969679832458496,337.35528111457825,1.0758196721311475,0.00151639344262295,4.549180327868851e-05,1.1229693546803607
1152,18874368,1002.4052221244244,844.76,0.005,0.0,0.0,0.0005507953464984894,151.36151123046875,4.967390060424805,337.6344153881073,1.075450819672131,0.0015090163934426224,4.527049180327869e-05,1.1244503211316277
1153,18890752,1004.9555358683106,848.0,0.0,0.0,0.0,-0.03190123289823532,94.28763580322266,4.964568138122559,337.90653467178345,1.0750819672131149,0.0015016393442622948,4.504918032786887e-05,1.1258031497681804
1154,18907136,998.89037993205,843.915,0.0,0.0,0.005,0.004658346530050039,122.00843811035156,4.961624622344971,338.17723536491394,1.0747131147540985,0.0014942622950819655,4.482786885245905e-05,1.1283644149144278
1155,18923520,998.0501224744448,843.915,0.0,0.0,0.005,-0.019159026443958282,114.90887451171875,4.960205078125,338.44820499420166,1.074344262295082,0.0014868852459016379,4.460655737704918e-05,1.1299029561302414
1156,18939904,997.7511030893653,843.915,0.0,0.0,0.005,-0.01096003595739603,102.99190521240234,4.959794044494629,338.71830010414124,1.0739754098360657,0.0014795081967213103,4.438524590163936e-05,1.1303434260724705
1157,18956288,991.758541426311,839.805,0.0,0.0,0.01,0.014329574070870876,146.42408752441406,4.959101676940918,338.99314641952515,1.0736065573770492,0.0014721311475409827,4.416393442622954e-05,1.1324092288718965
1158,18972672,991.2278205993981,839.805,0.0,0.0,0.01,-0.002325907116755843,110.26925659179688,4.955541610717773,339.2609853744507,1.0732377049180328,0.001464754098360655,4.394262295081972e-05,1.1329941714107272
1159,18989056,991.6455058568995,839.805,0.0,0.0,0.01,0.012323140166699886,163.84759521484375,4.95306396484375,339.5253086090088,1.0728688524590164,0.0014573770491803275,4.3721311475409847e-05,1.1335630461051174
1160,19005440,990.8503537663014,839.805,0.0,0.0,0.01,0.010262338444590569,110.45527648925781,4.952053546905518,339.793701171875,1.0725,0.00145,4.350000000000003e-05,1.133978630687865
1161,19021824,991.6968189632892,839.805,0.0,0.0,0.01,-0.0195402130484581,87.57754516601562,4.953058242797852,340.05965399742126,1.0721311475409836,0.0014426229508196723,4.327868852459021e-05,1.1338468557969532
1162,19038208,991.1669767908701,839.805,0.0,0.0,0.01,-0.005685996264219284,135.64404296875,4.951071739196777,340.33070063591003,1.0717622950819672,0.001435245901639343,4.3057377049180335e-05,1.1338724565533056
1163,19054592,991.0775774069444,839.805,0.0,0.0,0.01,-0.025942249223589897,86.3978500366211,4.948324203491211,340.59643483161926,1.0713934426229508,0.0014278688524590154,4.2836065573770515e-05,1.1337648438608747
1164,19070976,979.6505723122909,831.58,0.0,0.0,0.02,0.004346649162471294,136.21267700195312,4.947335243225098,340.86444544792175,1.0710245901639346,0.0014204918032786878,4.2614754098360696e-05,1.1361134689530716
1165,19087360,979.9831941840653,831.58,0.0,0.0,0.02,-0.014937507919967175,109.34284973144531,4.9463791847229,341.13218450546265,1.070655737704918,0.0014131147540983602,4.239344262295082e-05,1.1354057538485314
1166,19103744,980.7144176274285,831.58,0.0,0.0,0.02,-0.013964052312076092,91.35091400146484,4.943532943725586,341.39754986763,1.0702868852459018,0.0014057377049180326,4.2172131147541004e-05,1.134983592192381
1167,19120128,987.103815983047,835.69,0.0,0.0,0.015,-0.02960914932191372,88.68717956542969,4.942424297332764,341.66671776771545,1.0699180327868854,0.001398360655737705,4.1950819672131184e-05,1.1325780793780336
1168,19136512,987.5038895811048,835.69,0.0,0.0,0.015,-0.002309604547917843,116.73291015625,4.942255973815918,341.9640941619873,1.069549180327869,0.0013909836065573757,4.172950819672131e-05,1.1315305411298369
1169,19152896,988.3275763929446,835.69,0.0,0.0,0.015,0.0026420336216688156,151.30043029785156,4.940897464752197,342.25517892837524,1.0691803278688525,0.001383606557377048,4.150819672131149e-05,1.1303652070714163
1170,19169280,984.7922820817018,831.845,0.01,0.0,0.015,0.0008620768785476685,109.9088134765625,4.942000389099121,342.5566201210022,1.0688114754098361,0.0013762295081967205,4.128688524590167e-05,1.1299317631782306
1171,19185664,984.9904523068205,831.845,0.01,0.0,0.015,-0.007148667238652706,92.89501953125,4.941910743713379,342.8514885902405,1.0684426229508197,0.0013688524590163929,4.106557377049185e-05,1.1292716173255435
1172,19202048,984.9164656367273,831.845,0.01,0.0,0.015,-0.023311957716941833,137.47833251953125,4.939809799194336,343.14358282089233,1.0680737704918033,0.0013614754098360635,4.084426229508198e-05,1.127870282006378
1173,19218432,975.4987917772471,823.75,0.01,0.0,0.025,0.004809585399925709,129.6178436279297,4.940384864807129,343.44107604026794,1.0677049180327869,0.001354098360655736,4.062295081967216e-05,1.128573133247129
1174,19234816,993.2260081393608,836.005,0.015,0.0,0.01,-0.008142692968249321,100.1529541015625,4.94014835357666,343.741712808609,1.0673360655737705,0.0013467213114754083,4.040163934426229e-05,1.123424844582383
1175,19251200,994.3741685389355,836.005,0.015,0.0,0.01,-0.0028488237876445055,132.87518310546875,4.939460754394531,344.0389025211334,1.066967213114754,0.0013393442622950807,4.018032786885247e-05,1.1221731241159916
1176,19267584,994.7602003503602,836.005,0.015,0.0,0.01,-0.018133465200662613,85.59429931640625,4.938408851623535,344.3372724056244,1.0665983606557377,0.0013319672131147531,3.995901639344265e-05,1.1212726131330255
1177,19283968,980.3600841866211,823.725,0.035,0.0,0.015,0.02443903498351574,140.74212646484375,4.937788963317871,344.63552618026733,1.0662295081967215,0.0013245901639344256,3.973770491803283e-05,1.1220103738253933
1178,19300352,976.3804480833284,819.085,0.045,0.0,0.02,-0.016426585614681244,106.09442138671875,4.936301231384277,344.9341514110565,1.0658606557377048,0.001317213114754098,3.9516393442622956e-05,1.1202321623554308
1179,19316736,948.6574837370816,794.075,0.08,0.0,0.03,0.0004114322364330292,134.6484375,4.934844970703125,345.2303729057312,1.0654918032786886,0.0013098360655737704,3.929508196721314e-05,1.1219503333158058
1180,19333120,937.4298031161857,783.135,0.095,0.0,0.035,-0.014109959825873375,114.02981567382812,4.934242248535156,345.52608728408813,1.0651229508196722,0.0013024590163934428,3.907377049180332e-05,1.1204633910521824
1181,19349504,911.8375366496256,757.645,0.145,0.0,0.035,0.028499126434326172,120.64105987548828,4.932460784912109,345.7924427986145,1.0647540983606558,0.0012950819672131134,3.88524590163935e-05,1.119805892983626
1182,19365888,900.612389352129,745.315,0.18,0.0,0.03,-0.00948822870850563,95.12303161621094,4.931050777435303,346.12679719924927,1.0643852459016394,0.0012877049180327858,3.8631147540983625e-05,1.118937809466098
1183,19382272,897.8431103612086,742.375,0.185,0.0,0.03,0.00642014853656292,91.5535888671875,4.930217742919922,346.42592120170593,1.064016393442623,0.0012803278688524582,3.8409836065573806e-05,1.1180819862526559
1184,19398656,894.8451972994666,739.32,0.19,0.0,0.03,-0.0028313156217336655,112.23416900634766,4.929221153259277,346.72039699554443,1.0636475409836066,0.0012729508196721306,3.818852459016393e-05,1.116578903877407
1185,19415040,891.7027026940706,738.285,0.185,0.0,0.04,-0.012384910136461258,165.95144653320312,4.928544044494629,347.01877331733704,1.0632786885245902,0.0012655737704918013,3.796721311475411e-05,1.1151933842110624
1186,19431424,895.357871898518,740.245,0.19,0.0,0.04,-0.008475242182612419,93.2684097290039,4.927834510803223,347.31164050102234,1.0629098360655738,0.0012581967213114737,3.7745901639344294e-05,1.1129064690930932
1187,19447808,882.295305784524,727.4,0.215,0.0,0.035,0.014112279750406742,109.2813720703125,4.926847457885742,347.6076469421387,1.0625409836065574,0.0012508196721311461,3.752459016393442e-05,1.1129882221589364
1188,19464192,905.507100367744,746.245,0.2,0.0,0.025,0.001678654458373785,133.02423095703125,4.925019264221191,347.90050196647644,1.062172131147541,0.0012434426229508185,3.73032786885246e-05,1.1080681148365352
1189,19480576,899.150940522998,740.705,0.21,0.0,0.025,-0.01973559521138668,50.44715118408203,4.923140048980713,348.19438123703003,1.0618032786885245,0.001236065573770491,3.708196721311478e-05,1.1080804356622596
1190,19496960,896.3147205431325,735.69,0.245,0.0,0.02,-0.011820420622825623,84.43084716796875,4.921793460845947,348.5018665790558,1.0614344262295083,0.0012286885245901633,3.686065573770496e-05,1.1067474589848039
1191,19513344,890.880377376304,729.71,0.265,0.0,0.02,-0.01267840713262558,119.25814819335938,4.920685768127441,348.80495953559875,1.061065573770492,0.0012213114754098357,3.663934426229509e-05,1.1049796895293929
1192,19529728,862.2073842536579,704.13,0.3,0.0,0.03,-0.01735978201031685,59.745849609375,4.917943954467773,349.10771918296814,1.0606967213114755,0.0012139344262295081,3.641803278688527e-05,1.105194294137914
1193,19546112,840.5702036168656,681.57,0.365,0.0,0.02,0.0007328158244490623,119.79072570800781,4.91544771194458,349.4012110233307,1.060327868852459,0.0012065573770491805,3.619672131147545e-05,1.104104245870541
1194,19562496,811.4849740423076,655.665,0.395,0.0,0.02,-0.006064404733479023,111.6705322265625,4.913219928741455,349.70389223098755,1.0599590163934427,0.0011991803278688512,3.597540983606558e-05,1.10488854988983
1195,19578880,812.0346023257921,657.4,0.38,0.0,0.025,-0.009626717306673527,76.71482849121094,4.9099955558776855,349.9950964450836,1.0595901639344263,0.0011918032786885236,3.575409836065576e-05,1.104121686536577
1196,19595264,801.7020219373364,649.095,0.39,0.0,0.035,-0.012195596471428871,75.33385467529297,4.907234191894531,350.28981161117554,1.0592213114754099,0.001184426229508196,3.553278688524594e-05,1.1053977889457605
1197,19611648,814.2733393118829,662.68,0.355,0.0,0.045,-0.02101214975118637,171.45811462402344,4.906284332275391,350.5862810611725,1.0588524590163935,0.0011770491803278684,3.5311475409836065e-05,1.1047337399172628
1198,19628032,818.032279211978,667.24,0.325,0.0,0.045,0.009224968031048775,97.4710693359375,4.906845569610596,350.8822319507599,1.058483606557377,0.0011696721311475408,3.5090163934426246e-05,1.103123544152739
1199,19644416,840.9476681671065,688.49,0.285,0.0,0.045,0.004437445197254419,92.58611297607422,4.906721591949463,351.1765160560608,1.0581147540983606,0.0011622950819672115,3.486885245901643e-05,1.1007060102374957
1200,19660800,861.5662726523872,706.84,0.26,0.0,0.04,0.008497947826981544,149.49517822265625,4.905156135559082,351.4681758880615,1.0577459016393442,0.0011549180327868839,3.464754098360661e-05,1.0973921415046188
1201,19677184,884.0260060027798,727.09,0.225,0.0,0.03,-0.035888612270355225,94.60415649414062,4.904876708984375,351.76781034469604,1.057377049180328,0.0011475409836065563,3.4426229508196734e-05,1.0968162347481576
1202,19693568,871.1706353810549,715.2,0.24,0.0,0.035,-0.01382903940975666,56.02469253540039,4.904333114624023,352.0660376548767,1.0570081967213114,0.0011401639344262287,3.4204918032786915e-05,1.097730321297663
1203,19709952,878.2388095477229,722.475,0.22,0.0,0.045,0.0007402379997074604,155.3238067626953,4.903571128845215,352.3655822277069,1.0566393442622952,0.001132786885245901,3.3983606557377096e-05,1.0974425636906011
1204,19726336,877.3495315716572,722.615,0.215,0.0,0.04,-0.009171223267912865,147.29685974121094,4.903565883636475,352.64561557769775,1.0562704918032788,0.0011254098360655735,3.3762295081967277e-05,1.0968059939099148
1205,19742720,878.4391826540764,720.47,0.235,0.0,0.03,-0.011482462286949158,71.14027404785156,4.900637626647949,352.94197130203247,1.0559016393442624,0.0011180327868852442,3.35409836065574e-05,1.094321601326176
1206,19759104,865.061976559854,708.765,0.25,0.0,0.03,-0.01748109608888626,75.52544403076172,4.897385120391846,353.2410762310028,1.055532786885246,0.0011106557377049166,3.331967213114753e-05,1.0957246729889454
1207,19775488,856.5495918492344,701.155,0.265,0.0,0.03,0.0012759482488036156,136.9990234375,4.896522045135498,353.53878259658813,1.0551639344262296,0.001103278688524589,3.309836065573771e-05,1.0974682558428213
1208,19791872,845.3328139688361,692.815,0.265,0.0,0.03,0.016945645213127136,123.32925415039062,4.894571304321289,353.8421187400818,1.0547950819672132,0.0010959016393442614,3.287704918032789e-05,1.0982011107219736
1209,19808256,848.4552003264474,695.48,0.26,0.0,0.03,-0.002913679461926222,89.33978271484375,4.8924970626831055,354.14367032051086,1.0544262295081968,0.0010885245901639338,3.265573770491807e-05,1.098332770687332
1210,19824640,867.5469397739581,712.785,0.23,0.0,0.035,0.0057374415919184685,159.60006713867188,4.891966819763184,354.4416379928589,1.0540573770491803,0.0010811475409836062,3.24344262295082e-05,1.0967277994462536
1211,19841024,889.7373825075608,734.035,0.19,0.0,0.03,0.01923026144504547,149.30023193359375,4.892001628875732,354.7266983985901,1.053688524590164,0.0010737704918032786,3.221311475409838e-05,1.095462241842157
1212,19857408,900.6517765904288,743.84,0.175,0.0,0.025,0.0006563116330653429,94.09127807617188,4.889887809753418,355.021283864975,1.0533196721311475,0.001066393442622951,3.199180327868856e-05,1.0954464537799702
1213,19873792,923.880928100952,764.225,0.15,0.0,0.01,-0.00830270815640688,109.63613891601562,4.8876953125,355.31522393226624,1.052950819672131,0.0010590163934426217,3.177049180327874e-05,1.0941614544579372
1214,19890176,935.8462233994271,774.525,0.135,0.0,0.01,0.01209723949432373,165.36483764648438,4.886953353881836,355.59230303764343,1.052581967213115,0.001051639344262294,3.154918032786887e-05,1.093956943941053
1215,19906560,937.4848804792149,775.81,0.13,0.0,0.01,-0.0006206317339092493,87.32250213623047,4.885797500610352,355.8631839752197,1.0522131147540983,0.0010442622950819665,3.132786885245905e-05,1.094455789542875
1216,19922944,946.5563164238685,783.275,0.125,0.0,0.01,-0.011007371358573437,70.70329284667969,4.884555816650391,356.1325297355652,1.051844262295082,0.0010368852459016389,3.1106557377049175e-05,1.0927447121896374
1217,19939328,939.8700901755889,779.665,0.115,0.0,0.025,-0.006232353858649731,179.6917724609375,4.884186744689941,356.40440344810486,1.0514754098360655,0.0010295081967213095,3.0885245901639356e-05,1.0965745648089515
1218,19955712,943.1593518488413,780.84,0.12,0.0,0.025,-0.014231610111892223,80.04389953613281,4.88198184967041,356.67263078689575,1.0511065573770493,0.001022131147540982,3.0663934426229536e-05,1.0962751524875585
1219,19972096,933.2835133240145,772.005,0.135,0.0,0.025,-0.04995246231555939,49.478965759277344,4.880353927612305,356.94466757774353,1.0507377049180329,0.0010147540983606543,3.0442622950819717e-05,1.0963913751216865
1220,19988480,937.5468039809598,774.04,0.135,0.0,0.02,-0.0021140100434422493,134.30014038085938,4.879566669464111,357.21691608428955,1.0503688524590165,0.0010073770491803268,3.0221311475409844e-05,1.0958419398896058
1221,20004864,903.7211825674603,743.655,0.18,0.0,0.03,-0.004910717718303204,134.14479064941406,4.879331588745117,357.49226808547974,1.05,0.0009999999999999992,3.0000000000000024e-05,1.0997296514647272
